start_preprocess,e_preprocess,end_preprocess,start_infer,e_infer,end_infer,start_postprocess,e_postprocess,end_postprocess,execution_time,cycle_time,frame_rate
466641.56,10.16,466651.73,466651.73,524.24,467175.97,467175.97,0.01,467175.97,534.41,nan,nan
467175.98,10.20,467186.18,467186.18,523.92,467710.10,467710.10,0.01,467710.10,534.13,534.41,1.87
467710.11,10.25,467720.36,467720.36,524.35,468244.71,468244.71,0.01,468244.72,534.61,534.13,1.87
468244.72,10.16,468254.88,468254.88,524.24,468779.12,468779.12,0.01,468779.13,534.40,534.61,1.87
468779.13,10.21,468789.34,468789.34,524.64,469313.98,469313.98,0.01,469313.99,534.86,534.41,1.87
469314.00,10.19,469324.19,469324.19,524.71,469848.90,469848.90,0.01,469848.91,534.91,534.86,1.87
469848.91,10.16,469859.07,469859.07,524.11,470383.18,470383.18,0.01,470383.19,534.28,534.92,1.87
470383.20,10.21,470393.40,470393.40,517.00,470910.40,470910.40,0.01,470910.41,527.21,534.28,1.87
470910.41,9.94,470920.36,470920.36,509.88,471430.23,471430.23,0.01,471430.24,519.83,527.21,1.90
471430.25,10.27,471440.51,471440.51,524.28,471964.79,471964.79,0.01,471964.80,534.55,519.83,1.92
471964.80,10.18,471974.98,471974.98,524.20,472499.18,472499.18,0.01,472499.18,534.38,534.56,1.87
472499.19,10.20,472509.39,472509.39,523.97,473033.35,473033.35,0.01,473033.36,534.17,534.39,1.87
473033.36,10.21,473043.58,473043.58,524.72,473568.29,473568.29,0.01,473568.30,534.94,534.18,1.87
473568.31,10.18,473578.49,473578.49,524.12,474102.61,474102.61,0.01,474102.62,534.31,534.94,1.87
474102.62,10.19,474112.82,474112.82,524.15,474636.96,474636.96,0.01,474636.97,534.35,534.32,1.87
474636.97,10.18,474647.15,474647.15,524.43,475171.58,475171.58,0.01,475171.59,534.62,534.35,1.87
475171.60,10.18,475181.77,475181.77,524.24,475706.02,475706.02,0.01,475706.02,534.43,534.62,1.87
475706.03,10.22,475716.25,475716.25,524.42,476240.67,476240.67,0.01,476240.68,534.65,534.43,1.87
476240.68,10.18,476250.87,476250.87,524.41,476775.27,476775.27,0.01,476775.28,534.59,534.65,1.87
476775.28,10.25,476785.53,476785.53,524.21,477309.75,477309.75,0.01,477309.75,534.47,534.60,1.87
477309.76,10.24,477320.00,477320.00,524.30,477844.30,477844.30,0.01,477844.31,534.55,534.48,1.87
477844.31,10.22,477854.53,477854.53,524.27,478378.80,478378.80,0.01,478378.81,534.50,534.55,1.87
478378.81,10.20,478389.01,478389.01,524.52,478913.53,478913.53,0.01,478913.54,534.72,534.50,1.87
478913.54,10.17,478923.72,478923.72,524.87,479448.59,479448.59,0.01,479448.60,535.05,534.73,1.87
479448.60,10.17,479458.77,479458.77,524.27,479983.05,479983.05,0.01,479983.05,534.45,535.06,1.87
479983.06,10.23,479993.29,479993.29,524.12,480517.41,480517.41,0.01,480517.41,534.36,534.46,1.87
480517.42,10.18,480527.60,480527.60,525.33,481052.92,481052.92,0.01,481052.93,535.51,534.36,1.87
481052.94,10.18,481063.12,481063.12,524.09,481587.20,481587.20,0.01,481587.21,534.27,535.52,1.87
481587.22,10.15,481597.37,481597.37,524.55,482121.92,482121.92,0.01,482121.93,534.71,534.28,1.87
482121.93,10.25,482132.18,482132.18,524.14,482656.32,482656.32,0.01,482656.33,534.40,534.71,1.87
482656.33,10.18,482666.52,482666.52,524.25,483190.76,483190.76,0.01,483190.77,534.44,534.40,1.87
483190.77,10.21,483200.98,483200.99,524.45,483725.44,483725.44,0.01,483725.45,534.67,534.44,1.87
483725.45,10.17,483735.62,483735.62,524.63,484260.25,484260.25,0.01,484260.26,534.80,534.68,1.87
484260.26,10.17,484270.43,484270.43,524.23,484794.66,484794.66,0.01,484794.67,534.41,534.81,1.87
484794.68,10.26,484804.94,484804.94,524.40,485329.33,485329.33,0.01,485329.34,534.66,534.41,1.87
485329.35,10.19,485339.54,485339.54,524.51,485864.05,485864.05,0.01,485864.06,534.71,534.67,1.87
485864.06,10.19,485874.25,485874.25,524.38,486398.64,486398.64,0.01,486398.65,534.58,534.72,1.87
486398.65,10.22,486408.87,486408.87,524.83,486933.70,486933.70,0.01,486933.70,535.05,534.59,1.87
486933.71,10.18,486943.89,486943.89,524.48,487468.37,487468.37,0.01,487468.37,534.66,535.06,1.87
487468.38,10.17,487478.55,487478.55,524.54,488003.10,488003.10,0.01,488003.10,534.72,534.67,1.87
488003.11,10.18,488013.29,488013.29,524.47,488537.76,488537.76,0.01,488537.77,534.66,534.73,1.87
488537.78,10.27,488548.04,488548.04,524.27,489072.31,489072.31,0.01,489072.32,534.54,534.67,1.87
489072.32,10.25,489082.57,489082.57,524.55,489607.12,489607.12,0.01,489607.13,534.80,534.55,1.87
489607.13,10.18,489617.31,489617.31,524.40,490141.72,490141.72,0.01,490141.72,534.59,534.81,1.87
490141.73,10.21,490151.94,490151.94,524.67,490676.61,490676.61,0.01,490676.61,534.89,534.59,1.87
490676.62,10.18,490686.80,490686.80,524.60,491211.40,491211.40,0.01,491211.41,534.79,534.89,1.87
491211.41,10.16,491221.58,491221.58,524.49,491746.06,491746.06,0.01,491746.07,534.65,534.80,1.87
491746.07,10.19,491756.26,491756.26,524.49,492280.75,492280.75,0.01,492280.76,534.68,534.66,1.87
492280.76,10.14,492290.90,492290.90,524.44,492815.35,492815.35,0.01,492815.35,534.59,534.69,1.87
492815.36,10.18,492825.54,492825.54,524.14,493349.68,493349.68,0.01,493349.68,534.33,534.59,1.87
493349.69,10.25,493359.94,493359.94,524.48,493884.41,493884.41,0.01,493884.42,534.73,534.33,1.87
493884.43,10.21,493894.64,493894.64,524.41,494419.05,494419.05,0.01,494419.06,534.63,534.74,1.87
494419.06,10.17,494429.23,494429.23,524.44,494953.68,494953.68,0.01,494953.68,534.62,534.64,1.87
494953.69,10.16,494963.85,494963.85,524.31,495488.16,495488.16,0.01,495488.17,534.48,534.63,1.87
495488.17,10.22,495498.39,495498.39,524.58,496022.97,496022.97,0.01,496022.97,534.80,534.48,1.87
496022.98,10.20,496033.18,496033.18,524.10,496557.28,496557.28,0.01,496557.29,534.31,534.81,1.87
496557.30,10.20,496567.49,496567.49,524.71,497092.20,497092.20,0.01,497092.21,534.91,534.32,1.87
497092.24,10.16,497102.40,497102.40,524.72,497627.13,497627.13,0.01,497627.13,534.89,534.94,1.87
497627.14,10.22,497637.36,497637.36,524.21,498161.57,498161.57,0.01,498161.58,534.44,534.90,1.87
498161.58,10.23,498171.82,498171.82,524.54,498696.36,498696.36,0.01,498696.36,534.78,534.45,1.87
498696.37,10.19,498706.56,498706.56,524.40,499230.96,499230.96,0.01,499230.97,534.60,534.79,1.87
499230.97,10.17,499241.15,499241.15,524.51,499765.66,499765.66,0.01,499765.67,534.69,534.60,1.87
499765.67,10.18,499775.85,499775.85,524.58,500300.43,500300.43,0.01,500300.44,534.76,534.70,1.87
500300.44,10.17,500310.61,500310.61,524.46,500835.08,500835.08,0.01,500835.08,534.64,534.77,1.87
500835.09,10.20,500845.29,500845.29,524.44,501369.73,501369.73,0.01,501369.74,534.65,534.64,1.87
501369.74,10.21,501379.95,501379.95,524.56,501904.51,501904.51,0.01,501904.51,534.77,534.66,1.87
501904.52,10.15,501914.66,501914.66,524.18,502438.84,502438.84,0.01,502438.85,534.33,534.77,1.87
502438.85,10.22,502449.07,502449.07,524.47,502973.55,502973.55,0.01,502973.55,534.70,534.34,1.87
502973.56,10.17,502983.73,502983.73,524.26,503507.99,503507.99,0.01,503508.00,534.44,534.70,1.87
503508.01,10.14,503518.15,503518.15,524.34,504042.49,504042.49,0.01,504042.50,534.49,534.46,1.87
504042.51,10.18,504052.68,504052.68,524.41,504577.09,504577.09,0.01,504577.10,534.59,534.49,1.87
504577.10,10.18,504587.29,504587.29,524.52,505111.81,505111.81,0.01,505111.81,534.71,534.60,1.87
505111.82,10.20,505122.02,505122.02,524.52,505646.54,505646.54,0.01,505646.55,534.73,534.72,1.87
505646.55,10.22,505656.77,505656.77,524.08,506180.85,506180.85,0.01,506180.85,534.30,534.73,1.87
506180.86,10.18,506191.04,506191.04,524.66,506715.70,506715.70,0.01,506715.71,534.85,534.31,1.87
506715.71,10.18,506725.89,506725.89,524.33,507250.22,507250.22,0.01,507250.23,534.51,534.85,1.87
507250.23,10.18,507260.41,507260.41,523.76,507784.17,507784.17,0.01,507784.18,533.95,534.52,1.87
507784.18,10.15,507794.33,507794.33,524.43,508318.77,508318.77,0.01,508318.77,534.59,533.95,1.87
508318.78,10.15,508328.93,508328.93,524.70,508853.64,508853.64,0.01,508853.64,534.86,534.60,1.87
508853.65,10.22,508863.86,508863.86,524.53,509388.39,509388.39,0.01,509388.40,534.75,534.87,1.87
509388.40,10.15,509398.56,509398.56,524.67,509923.22,509923.22,0.01,509923.23,534.83,534.76,1.87
509923.26,10.17,509933.42,509933.42,524.08,510457.50,510457.50,0.01,510457.51,534.25,534.85,1.87
510457.51,10.16,510467.67,510467.67,524.51,510992.17,510992.17,0.01,510992.18,534.67,534.25,1.87
510992.19,10.13,511002.32,511002.32,524.46,511526.78,511526.78,0.01,511526.79,534.60,534.68,1.87
511526.79,10.20,511536.99,511536.99,524.45,512061.44,512061.44,0.01,512061.45,534.66,534.60,1.87
512061.45,10.19,512071.64,512071.64,524.34,512595.98,512595.98,0.01,512595.99,534.54,534.66,1.87
512595.99,10.16,512606.16,512606.16,524.62,513130.77,513130.77,0.01,513130.78,534.79,534.54,1.87
513130.79,10.21,513140.99,513140.99,524.43,513665.42,513665.42,0.01,513665.43,534.64,534.79,1.87
513665.43,10.16,513675.59,513675.59,524.31,514199.90,514199.90,0.01,514199.91,534.47,534.65,1.87
514199.91,10.22,514210.14,514210.14,524.50,514734.63,514734.63,0.01,514734.64,534.73,534.48,1.87
514734.65,10.18,514744.83,514744.83,524.65,515269.48,515269.48,0.01,515269.48,534.84,534.73,1.87
515269.49,10.22,515279.71,515279.71,524.12,515803.83,515803.83,0.01,515803.83,534.35,534.84,1.87
515803.84,10.19,515814.03,515814.03,524.54,516338.57,516338.57,0.01,516338.58,534.74,534.35,1.87
516338.58,10.23,516348.82,516348.82,524.60,516873.42,516873.42,0.01,516873.43,534.84,534.74,1.87
516873.43,10.18,516883.61,516883.61,524.56,517408.17,517408.17,0.01,517408.17,534.74,534.85,1.87
517408.18,10.16,517418.34,517418.34,524.55,517942.89,517942.89,0.01,517942.89,534.71,534.75,1.87
517942.90,10.25,517953.15,517953.15,524.30,518477.45,518477.45,0.01,518477.46,534.56,534.72,1.87
518477.46,10.18,518487.64,518487.64,524.63,519012.27,519012.27,0.01,519012.27,534.81,534.56,1.87
519012.28,10.21,519022.48,519022.48,524.66,519547.15,519547.15,0.01,519547.15,534.87,534.82,1.87
519547.16,10.18,519557.33,519557.33,524.67,520082.01,520082.01,0.01,520082.01,534.86,534.88,1.87
520082.02,10.28,520092.30,520092.30,524.24,520616.54,520616.54,0.01,520616.55,534.53,534.86,1.87
520616.55,10.19,520626.74,520626.74,524.49,521151.23,521151.24,0.01,521151.24,534.69,534.53,1.87
521151.25,10.23,521161.48,521161.48,524.68,521686.15,521686.15,0.01,521686.16,534.91,534.70,1.87
521686.16,10.18,521696.34,521696.34,524.25,522220.60,522220.60,0.01,522220.60,534.44,534.91,1.87
522220.61,10.23,522230.84,522230.84,524.55,522755.38,522755.38,0.01,522755.39,534.78,534.45,1.87
522755.42,10.17,522765.59,522765.59,524.26,523289.85,523289.85,0.01,523289.86,534.44,534.81,1.87
523289.86,10.21,523300.07,523300.07,524.34,523824.41,523824.41,0.01,523824.42,534.55,534.45,1.87
523824.42,10.19,523834.61,523834.61,524.30,524358.92,524358.92,0.01,524358.92,534.50,534.56,1.87
524358.93,10.18,524369.11,524369.11,524.44,524893.55,524893.55,0.01,524893.56,534.63,534.51,1.87
524893.56,10.20,524903.77,524903.77,525.07,525428.83,525428.83,0.01,525428.84,535.28,534.63,1.87
525428.85,10.15,525439.00,525439.00,524.67,525963.67,525963.67,0.01,525963.67,534.83,535.28,1.87
525963.68,10.16,525973.84,525973.84,524.17,526498.01,526498.01,0.01,526498.01,534.33,534.83,1.87
526498.02,10.20,526508.22,526508.22,524.26,527032.48,527032.48,0.01,527032.48,534.46,534.34,1.87
527032.49,10.15,527042.64,527042.64,524.38,527567.02,527567.02,0.01,527567.02,534.54,534.47,1.87
527567.03,10.17,527577.20,527577.20,524.61,528101.81,528101.81,0.01,528101.82,534.79,534.54,1.87
528101.83,10.28,528112.11,528112.11,524.15,528636.26,528636.26,0.01,528636.26,534.44,534.80,1.87
528636.27,10.08,528646.35,528646.35,524.36,529170.71,529170.71,0.01,529170.72,534.45,534.44,1.87
529170.73,10.25,529180.98,529180.98,524.61,529705.58,529705.58,0.01,529705.59,534.87,534.46,1.87
529705.60,10.19,529715.79,529715.79,524.59,530240.38,530240.38,0.01,530240.38,534.78,534.87,1.87
530240.39,10.14,530250.53,530250.53,521.10,530771.63,530771.64,0.01,530771.64,531.25,534.79,1.87
530771.64,9.92,530781.56,530781.56,506.16,531287.72,531287.72,0.01,531287.73,516.08,531.26,1.88
531287.73,10.27,531298.00,531298.00,524.13,531822.13,531822.13,0.01,531822.13,534.40,516.09,1.94
531822.14,10.20,531832.33,531832.33,524.58,532356.92,532356.92,0.01,532356.93,534.79,534.41,1.87
532356.93,10.16,532367.09,532367.09,524.58,532891.67,532891.67,0.01,532891.68,534.75,534.79,1.87
532891.68,10.23,532901.91,532901.91,524.35,533426.27,533426.27,0.01,533426.27,534.59,534.75,1.87
533426.28,10.18,533436.46,533436.46,524.11,533960.57,533960.57,0.01,533960.58,534.30,534.59,1.87
533960.59,10.13,533970.71,533970.71,524.72,534495.43,534495.43,0.01,534495.44,534.85,534.31,1.87
534495.44,10.22,534505.67,534505.67,524.22,535029.89,535029.89,0.01,535029.89,534.45,534.86,1.87
535029.90,10.20,535040.10,535040.10,524.71,535564.80,535564.80,0.03,535564.83,534.93,534.46,1.87
535564.84,10.21,535575.05,535575.05,524.54,536099.59,536099.59,0.01,536099.60,534.76,534.94,1.87
536099.61,10.21,536109.82,536109.82,524.17,536633.99,536633.99,0.01,536633.99,534.39,534.77,1.87
536634.00,10.17,536644.17,536644.17,524.64,537168.82,537168.82,0.01,537168.82,534.82,534.39,1.87
537168.83,10.20,537179.03,537179.03,524.39,537703.42,537703.42,0.01,537703.42,534.60,534.83,1.87
537703.43,10.17,537713.60,537713.60,524.14,538237.73,538237.73,0.01,538237.74,534.31,534.60,1.87
538237.74,10.19,538247.93,538247.93,524.42,538772.35,538772.35,0.01,538772.36,534.62,534.32,1.87
538772.37,10.19,538782.56,538782.56,524.74,539307.29,539307.30,0.01,539307.30,534.94,534.62,1.87
539307.31,10.26,539317.57,539317.57,524.48,539842.05,539842.05,0.01,539842.05,534.75,534.94,1.87
539842.06,10.19,539852.25,539852.25,524.18,540376.43,540376.43,0.01,540376.44,534.38,534.75,1.87
540376.44,10.20,540386.64,540386.64,525.23,540911.87,540911.87,0.01,540911.88,535.44,534.38,1.87
540911.88,10.20,540922.09,540922.09,524.61,541446.70,541446.70,0.01,541446.71,534.82,535.44,1.87
541446.71,10.22,541456.94,541456.94,524.63,541981.56,541981.56,0.01,541981.57,534.86,534.83,1.87
541981.57,10.26,541991.83,541991.83,524.42,542516.25,542516.25,0.01,542516.26,534.69,534.86,1.87
542516.27,10.22,542526.49,542526.49,524.12,543050.61,543050.61,0.01,543050.62,534.35,534.69,1.87
543050.62,10.23,543060.85,543060.85,523.87,543584.71,543584.71,0.01,543584.72,534.10,534.36,1.87
543584.73,10.22,543594.95,543594.95,524.30,544119.25,544119.25,0.01,544119.26,534.53,534.10,1.87
544119.26,10.24,544129.50,544129.50,524.54,544654.04,544654.04,0.01,544654.05,534.79,534.53,1.87
544654.05,10.25,544664.30,544664.30,524.38,545188.68,545188.68,0.01,545188.69,534.63,534.79,1.87
545188.69,10.16,545198.86,545198.86,524.34,545723.19,545723.19,0.01,545723.20,534.51,534.64,1.87
545723.21,10.24,545733.45,545733.45,524.14,546257.59,546257.59,0.01,546257.60,534.39,534.51,1.87
546257.60,10.28,546267.88,546267.88,524.51,546792.39,546792.39,0.01,546792.39,534.79,534.40,1.87
546792.40,10.16,546802.56,546802.56,524.58,547327.14,547327.14,0.01,547327.15,534.75,534.80,1.87
547327.15,10.25,547337.40,547337.40,523.86,547861.26,547861.26,0.01,547861.27,534.12,534.75,1.87
547861.27,10.21,547871.48,547871.48,524.64,548396.12,548396.14,0.01,548396.14,534.87,534.12,1.87
548396.15,10.18,548406.33,548406.33,524.32,548930.65,548930.65,0.01,548930.66,534.51,534.88,1.87
548930.66,10.17,548940.83,548940.83,524.06,549464.89,549464.89,0.01,549464.90,534.24,534.51,1.87
549464.90,10.17,549475.07,549475.07,524.39,549999.47,549999.47,0.01,549999.47,534.57,534.24,1.87
549999.48,10.21,550009.69,550009.69,524.24,550533.93,550533.93,0.01,550533.94,534.46,534.58,1.87
550533.94,10.19,550544.13,550544.13,524.71,551068.84,551068.84,0.01,551068.85,534.90,534.46,1.87
551068.85,10.15,551079.00,551079.00,524.17,551603.17,551603.17,0.01,551603.18,534.32,534.91,1.87
551603.18,10.19,551613.37,551613.37,524.31,552137.69,552137.69,0.01,552137.69,534.51,534.33,1.87
552137.70,10.16,552147.85,552147.86,524.43,552672.29,552672.29,0.01,552672.29,534.60,534.52,1.87
552672.30,10.20,552682.49,552682.49,524.29,553206.78,553206.78,0.01,553206.79,534.49,534.60,1.87
553206.79,10.24,553217.03,553217.03,524.90,553741.93,553741.93,0.01,553741.93,535.14,534.50,1.87
553741.94,10.20,553752.14,553752.14,524.44,554276.57,554276.57,0.01,554276.58,534.64,535.15,1.87
554276.58,10.08,554286.66,554286.66,524.31,554810.97,554810.97,0.01,554810.98,534.40,534.65,1.87
554810.99,10.22,554821.20,554821.20,524.64,555345.85,555345.85,0.01,555345.86,534.87,534.40,1.87
555345.86,10.21,555356.07,555356.07,524.61,555880.68,555880.68,0.01,555880.69,534.83,534.87,1.87
555880.69,10.27,555890.96,555890.96,524.23,556415.19,556415.19,0.01,556415.20,534.50,534.83,1.87
556415.20,10.22,556425.42,556425.42,524.40,556949.82,556949.82,0.01,556949.82,534.62,534.51,1.87
556949.83,10.20,556960.03,556960.03,524.24,557484.26,557484.26,0.01,557484.27,534.44,534.63,1.87
557484.27,10.26,557494.53,557494.53,524.27,558018.81,558018.81,0.01,558018.81,534.54,534.44,1.87
558018.82,10.22,558029.03,558029.04,524.34,558553.38,558553.38,0.01,558553.39,534.57,534.54,1.87
558553.39,10.23,558563.63,558563.63,524.61,559088.24,559088.24,0.01,559088.25,534.86,534.57,1.87
559088.25,10.21,559098.46,559098.46,524.52,559622.98,559622.98,0.01,559622.99,534.74,534.86,1.87
559622.99,10.20,559633.20,559633.20,524.88,560158.08,560158.08,0.01,560158.09,535.09,534.74,1.87
560158.09,10.19,560168.28,560168.28,523.90,560692.19,560692.19,0.01,560692.19,534.10,535.10,1.87
560692.20,10.21,560702.41,560702.41,524.20,561226.61,561226.63,0.01,561226.63,534.43,534.11,1.87
561226.64,10.18,561236.81,561236.81,524.66,561761.48,561761.48,0.01,561761.49,534.85,534.44,1.87
561761.49,10.18,561771.67,561771.67,524.25,562295.92,562295.92,0.01,562295.93,534.44,534.85,1.87
562295.93,10.22,562306.16,562306.16,524.16,562830.32,562830.32,0.01,562830.32,534.39,534.44,1.87
562830.33,10.20,562840.53,562840.53,524.57,563365.10,563365.10,0.01,563365.11,534.79,534.39,1.87
563365.12,10.17,563375.28,563375.29,524.84,563900.12,563900.12,0.01,563900.13,535.01,534.79,1.87
563900.13,10.16,563910.30,563910.30,524.24,564434.54,564434.54,0.01,564434.55,534.41,535.02,1.87
564434.55,10.18,564444.74,564444.74,524.62,564969.36,564969.36,0.01,564969.36,534.81,534.42,1.87
564969.37,10.24,564979.61,564979.61,524.63,565504.24,565504.24,0.01,565504.25,534.88,534.81,1.87
565504.26,10.23,565514.48,565514.48,524.28,566038.76,566038.76,0.01,566038.77,534.51,534.89,1.87
566038.78,10.18,566048.95,566048.95,524.42,566573.37,566573.37,0.01,566573.38,534.60,534.52,1.87
566573.38,10.14,566583.53,566583.53,524.42,567107.95,567107.95,0.01,567107.96,534.57,534.61,1.87
567107.96,10.19,567118.15,567118.15,524.07,567642.22,567642.22,0.01,567642.23,534.27,534.58,1.87
567642.23,10.25,567652.48,567652.48,524.27,568176.75,568176.75,0.01,568176.76,534.52,534.27,1.87
568176.76,10.24,568187.00,568187.00,524.53,568711.53,568711.53,0.01,568711.53,534.77,534.53,1.87
568711.54,10.17,568721.71,568721.71,524.15,569245.86,569245.86,0.01,569245.86,534.32,534.78,1.87
569245.87,10.24,569256.11,569256.11,524.09,569780.20,569780.20,0.01,569780.21,534.34,534.33,1.87
569780.21,10.20,569790.41,569790.41,524.46,570314.87,570314.87,0.01,570314.88,534.67,534.34,1.87
570314.89,10.22,570325.11,570325.11,524.68,570849.79,570849.79,0.01,570849.80,534.91,534.67,1.87
570849.80,10.23,570860.03,570860.03,524.14,571384.17,571384.17,0.01,571384.18,534.38,534.92,1.87
571384.18,10.16,571394.34,571394.34,524.36,571918.70,571918.70,0.01,571918.71,534.52,534.38,1.87
571918.71,10.21,571928.92,571928.92,524.23,572453.15,572453.15,0.01,572453.16,534.44,534.53,1.87
572453.16,10.14,572463.31,572463.31,524.35,572987.65,572987.65,0.01,572987.66,534.50,534.45,1.87
572987.66,10.17,572997.83,572997.83,524.55,573522.38,573522.38,0.01,573522.39,534.72,534.50,1.87
573522.39,10.19,573532.58,573532.58,524.47,574057.05,574057.05,0.01,574057.05,534.66,534.73,1.87
574057.06,10.17,574067.22,574067.22,524.36,574591.58,574591.58,0.01,574591.59,534.53,534.67,1.87
574591.60,10.23,574601.83,574601.83,523.79,575125.62,575125.62,0.01,575125.62,534.03,534.54,1.87
575125.63,10.17,575135.80,575135.80,524.59,575660.40,575660.40,0.01,575660.41,534.78,534.03,1.87
575660.41,10.18,575670.59,575670.59,524.33,576194.91,576194.91,0.01,576194.92,534.51,534.78,1.87
576194.93,10.17,576205.10,576205.10,524.78,576729.88,576729.88,0.01,576729.88,534.96,534.51,1.87
576729.89,10.25,576740.14,576740.14,523.98,577264.12,577264.12,0.01,577264.13,534.24,534.96,1.87
577264.13,10.24,577274.37,577274.37,524.39,577798.76,577798.76,0.01,577798.77,534.63,534.25,1.87
577798.77,10.19,577808.96,577808.96,524.48,578333.44,578333.44,0.01,578333.45,534.67,534.64,1.87
578333.45,10.22,578343.67,578343.67,524.45,578868.12,578868.12,0.01,578868.13,534.68,534.68,1.87
578868.14,10.17,578878.30,578878.30,524.21,579402.52,579402.52,0.01,579402.52,534.39,534.68,1.87
579402.53,10.17,579412.69,579412.70,524.19,579936.89,579936.89,0.01,579936.89,534.37,534.39,1.87
579936.90,10.20,579947.10,579947.10,524.39,580471.49,580471.49,0.01,580471.49,534.60,534.37,1.87
580471.50,10.16,580481.66,580481.66,523.92,581005.58,581005.58,0.01,581005.59,534.09,534.60,1.87
581005.59,10.19,581015.78,581015.78,524.33,581540.11,581540.11,0.01,581540.12,534.53,534.09,1.87
581540.12,10.24,581550.37,581550.37,524.20,582074.57,582074.57,0.01,582074.58,534.45,534.53,1.87
582074.58,10.18,582084.76,582084.76,524.50,582609.26,582609.26,0.01,582609.27,534.69,534.46,1.87
582609.27,10.21,582619.49,582619.49,524.29,583143.78,583143.78,0.01,583143.79,534.51,534.69,1.87
583143.79,10.18,583153.97,583153.97,524.26,583678.24,583678.24,0.01,583678.24,534.45,534.52,1.87
583678.25,10.24,583688.49,583688.49,524.41,584212.90,584212.90,0.01,584212.90,534.66,534.46,1.87
584212.91,10.16,584223.07,584223.07,524.36,584747.42,584747.42,0.01,584747.43,534.52,534.66,1.87
584747.44,10.18,584757.62,584757.62,524.45,585282.06,585282.06,0.01,585282.07,534.63,534.53,1.87
585282.07,10.27,585292.35,585292.35,524.78,585817.12,585817.12,0.01,585817.13,535.06,534.64,1.87
585817.14,10.17,585827.30,585827.30,524.42,586351.72,586351.72,0.01,586351.73,534.59,535.06,1.87
586351.73,10.16,586361.89,586361.91,524.78,586886.69,586886.69,0.01,586886.69,534.96,534.60,1.87
586886.70,10.21,586896.91,586896.91,524.55,587421.46,587421.46,0.01,587421.47,534.77,534.96,1.87
587421.47,10.21,587431.68,587431.68,524.54,587956.22,587956.22,0.01,587956.23,534.76,534.77,1.87
587956.23,10.21,587966.44,587966.44,524.54,588490.98,588490.98,0.01,588490.99,534.75,534.76,1.87
588490.99,10.19,588501.18,588501.18,524.67,589025.85,589025.85,0.01,589025.86,534.87,534.76,1.87
589025.86,10.21,589036.07,589036.07,524.33,589560.40,589560.40,0.01,589560.41,534.55,534.87,1.87
589560.42,10.21,589570.63,589570.63,524.64,590095.27,590095.27,0.01,590095.27,534.86,534.55,1.87
590095.28,10.17,590105.45,590105.45,524.33,590629.78,590629.78,0.01,590629.78,534.50,534.86,1.87
590629.79,10.15,590639.94,590639.94,505.42,591145.36,591145.36,0.01,591145.36,515.57,534.51,1.87
591145.37,9.87,591155.24,591155.24,519.80,591675.04,591675.04,0.01,591675.04,529.68,515.58,1.94
591675.05,10.18,591685.23,591685.23,524.52,592209.75,592209.75,0.01,592209.76,534.71,529.68,1.89
592209.76,10.17,592219.94,592219.94,524.30,592744.24,592744.24,0.01,592744.24,534.48,534.71,1.87
592744.25,10.14,592754.39,592754.39,524.70,593279.09,593279.09,0.01,593279.10,534.85,534.49,1.87
593279.10,10.23,593289.33,593289.33,524.35,593813.68,593813.68,0.01,593813.69,534.58,534.86,1.87
593813.69,10.22,593823.92,593823.92,524.40,594348.32,594348.32,0.01,594348.33,534.63,534.59,1.87
594348.33,10.12,594358.46,594358.46,524.65,594883.11,594883.11,0.01,594883.12,534.78,534.64,1.87
594883.12,10.18,594893.30,594893.30,524.12,595417.43,595417.43,0.01,595417.43,534.31,534.79,1.87
595417.44,10.16,595427.60,595427.60,524.65,595952.25,595952.25,0.01,595952.25,534.82,534.32,1.87
595952.26,10.13,595962.39,595962.39,524.45,596486.84,596486.84,0.01,596486.85,534.59,534.82,1.87
596486.85,10.22,596497.08,596497.08,524.49,597021.57,597021.57,0.01,597021.58,534.72,534.60,1.87
597021.58,10.16,597031.74,597031.74,524.29,597556.04,597556.04,0.01,597556.04,534.46,534.73,1.87
597556.05,10.17,597566.22,597566.22,524.42,598090.63,598090.63,0.01,598090.64,534.59,534.47,1.87
598090.64,10.28,598100.92,598100.92,524.32,598625.24,598625.24,0.01,598625.25,534.61,534.60,1.87
598625.26,10.20,598635.46,598635.46,523.95,599159.41,599159.41,0.01,599159.41,534.16,534.61,1.87
599159.42,10.19,599169.61,599169.63,524.54,599694.16,599694.16,0.01,599694.17,534.75,534.16,1.87
599694.18,10.25,599704.43,599704.43,524.05,600228.47,600228.47,0.01,600228.48,534.30,534.76,1.87
600228.49,10.21,600238.69,600238.69,524.55,600763.24,600763.24,0.01,600763.25,534.77,534.31,1.87
600763.26,10.22,600773.48,600773.48,525.27,601298.75,601298.75,0.01,601298.76,535.50,534.77,1.87
601298.76,10.23,601308.99,601308.99,524.48,601833.47,601833.47,0.01,601833.47,534.71,535.51,1.87
601833.48,10.20,601843.68,601843.68,524.23,602367.91,602367.91,0.01,602367.92,534.44,534.72,1.87
602367.92,10.19,602378.12,602378.12,524.37,602902.49,602902.49,0.01,602902.49,534.57,534.44,1.87
602902.50,10.27,602912.77,602912.77,523.79,603436.56,603436.56,0.01,603436.56,534.06,534.57,1.87
603436.57,10.19,603446.76,603446.76,524.58,603971.34,603971.34,0.01,603971.35,534.78,534.07,1.87
603971.36,10.24,603981.60,603981.60,524.98,604506.58,604506.58,0.01,604506.58,535.23,534.79,1.87
604506.59,10.16,604516.75,604516.75,524.70,605041.45,605041.45,0.01,605041.45,534.86,535.23,1.87
605041.46,10.21,605051.67,605051.67,524.29,605575.95,605575.95,0.01,605575.96,534.50,534.87,1.87
605575.97,10.19,605586.16,605586.16,524.04,606110.19,606110.19,0.01,606110.20,534.23,534.51,1.87
606110.20,10.17,606120.37,606120.37,524.73,606645.10,606645.10,0.01,606645.11,534.91,534.24,1.87
606645.12,10.15,606655.26,606655.26,524.12,607179.38,607179.38,0.01,607179.39,534.27,534.91,1.87
607179.39,10.23,607189.62,607189.62,524.17,607713.80,607713.80,0.01,607713.80,534.41,534.28,1.87
607713.81,10.15,607723.96,607723.96,524.51,608248.47,608248.47,0.01,608248.47,534.66,534.41,1.87
608248.48,10.16,608258.64,608258.64,524.36,608783.00,608783.00,0.01,608783.01,534.53,534.67,1.87
608783.01,10.14,608793.15,608793.15,524.59,609317.74,609317.75,0.01,609317.75,534.74,534.54,1.87
609317.76,10.19,609327.95,609327.95,524.28,609852.23,609852.23,0.01,609852.24,534.48,534.74,1.87
609852.24,10.16,609862.40,609862.40,525.10,610387.50,610387.50,0.01,610387.51,535.26,534.49,1.87
610387.51,10.19,610397.71,610397.71,524.49,610922.20,610922.20,0.01,610922.21,534.70,535.27,1.87
610922.22,10.19,610932.40,610932.40,524.32,611456.72,611456.72,0.01,611456.73,534.51,534.70,1.87
611456.73,10.19,611466.92,611466.92,524.37,611991.30,611991.30,0.01,611991.30,534.57,534.52,1.87
611991.31,10.22,612001.53,612001.53,524.30,612525.83,612525.83,0.01,612525.84,534.53,534.58,1.87
612525.84,10.25,612536.09,612536.09,524.73,613060.83,613060.83,0.01,613060.83,534.99,534.53,1.87
613060.84,10.16,613070.99,613070.99,524.34,613595.34,613595.34,0.01,613595.34,534.51,534.99,1.87
613595.35,10.22,613605.56,613605.56,524.50,614130.06,614130.06,0.01,614130.07,534.72,534.51,1.87
614130.07,10.17,614140.25,614140.25,524.35,614664.60,614664.60,0.01,614664.60,534.53,534.73,1.87
614664.61,10.15,614674.76,614674.76,524.28,615199.04,615199.04,0.01,615199.04,534.44,534.53,1.87
615199.05,10.18,615209.22,615209.22,524.61,615733.84,615733.84,0.01,615733.85,534.80,534.44,1.87
615733.85,10.17,615744.02,615744.02,524.37,616268.39,616268.39,0.01,616268.40,534.55,534.80,1.87
616268.40,10.16,616278.57,616278.57,524.70,616803.27,616803.27,0.01,616803.28,534.88,534.55,1.87
616803.28,10.25,616813.53,616813.53,524.20,617337.73,617337.73,0.01,617337.73,534.45,534.88,1.87
617337.74,10.16,617347.90,617347.90,524.34,617872.24,617872.24,0.01,617872.25,534.51,534.46,1.87
617872.25,10.17,617882.43,617882.43,524.38,618406.81,618406.81,0.01,618406.81,534.56,534.51,1.87
618406.82,10.20,618417.02,618417.02,524.55,618941.58,618941.58,0.01,618941.58,534.76,534.57,1.87
618941.59,10.18,618951.76,618951.76,524.38,619476.14,619476.14,0.01,619476.15,534.56,534.77,1.87
619476.16,10.18,619486.34,619486.34,524.44,620010.78,620010.78,0.01,620010.79,534.63,534.57,1.87
620010.79,10.17,620020.97,620020.97,524.40,620545.37,620545.37,0.01,620545.37,534.58,534.64,1.87
620545.38,10.14,620555.52,620555.52,524.45,621079.97,621079.97,0.01,621079.97,534.60,534.58,1.87
621079.98,10.17,621090.15,621090.15,523.97,621614.11,621614.11,0.01,621614.12,534.14,534.60,1.87
621614.13,10.27,621624.40,621624.40,523.91,622148.31,622148.31,0.01,622148.32,534.19,534.15,1.87
622148.32,10.19,622158.51,622158.51,524.30,622682.81,622682.81,0.01,622682.81,534.49,534.19,1.87
622682.82,10.22,622693.04,622693.04,523.90,623216.93,623216.93,0.01,623216.94,534.12,534.50,1.87
623216.95,10.17,623227.12,623227.12,524.40,623751.52,623751.52,0.01,623751.52,534.58,534.13,1.87
623751.53,10.23,623761.76,623761.76,523.91,624285.67,624285.67,0.01,624285.67,534.15,534.58,1.87
624285.68,10.14,624295.82,624295.82,524.74,624820.56,624820.56,0.01,624820.57,534.89,534.15,1.87
624820.57,10.18,624830.75,624830.75,524.53,625355.28,625355.28,0.01,625355.29,534.72,534.89,1.87
625355.29,10.26,625365.55,625365.55,524.08,625889.63,625889.63,0.01,625889.64,534.35,534.72,1.87
625889.64,10.16,625899.80,625899.80,524.45,626424.26,626424.26,0.01,626424.26,534.62,534.35,1.87
626424.27,10.19,626434.46,626434.46,524.55,626959.01,626959.01,0.01,626959.02,534.75,534.63,1.87
626959.02,10.18,626969.20,626969.20,524.47,627493.67,627493.67,0.01,627493.68,534.66,534.75,1.87
627493.68,10.17,627503.85,627503.85,523.95,628027.80,628027.80,0.01,628027.81,534.12,534.66,1.87
628027.81,10.15,628037.96,628037.96,524.46,628562.42,628562.42,0.01,628562.42,534.61,534.13,1.87
628562.43,10.18,628572.61,628572.61,524.35,629096.95,629096.95,0.01,629096.96,534.53,534.61,1.87
629096.96,10.17,629107.14,629107.14,524.21,629631.35,629631.35,0.01,629631.35,534.39,534.54,1.87
629631.36,10.16,629641.52,629641.52,524.11,630165.63,630165.63,0.01,630165.64,534.28,534.39,1.87
630165.64,10.17,630175.81,630175.81,524.33,630700.14,630700.14,0.01,630700.15,534.50,534.28,1.87
630700.15,10.17,630710.32,630710.32,524.39,631234.71,631234.71,0.01,631234.72,534.57,534.51,1.87
631234.72,10.22,631244.94,631244.94,524.05,631768.99,631768.99,0.01,631768.99,534.27,534.57,1.87
631769.00,10.38,631779.38,631779.38,524.84,632304.22,632304.22,0.01,632304.23,535.23,534.28,1.87
632304.24,10.16,632314.40,632314.40,524.75,632839.14,632839.15,0.01,632839.15,534.91,535.24,1.87
632839.16,10.21,632849.37,632849.37,524.07,633373.43,633373.43,0.01,633373.44,534.28,534.92,1.87
633373.45,10.21,633383.65,633383.65,524.53,633908.18,633908.18,0.01,633908.19,534.74,534.29,1.87
633908.19,10.16,633918.35,633918.35,524.27,634442.62,634442.62,0.01,634442.63,534.43,534.75,1.87
634442.63,10.25,634452.88,634452.88,524.46,634977.34,634977.34,0.01,634977.35,534.71,534.44,1.87
634977.35,10.16,634987.51,634987.51,524.21,635511.71,635511.71,0.01,635511.72,534.37,534.72,1.87
635511.72,10.17,635521.89,635521.89,523.90,636045.80,636045.80,0.01,636045.80,534.08,534.37,1.87
636045.81,10.19,636056.00,636056.00,524.18,636580.18,636580.18,0.01,636580.18,534.37,534.08,1.87
636580.19,10.17,636590.36,636590.36,524.43,637114.79,637114.79,0.01,637114.79,534.61,534.38,1.87
637114.80,10.16,637124.96,637124.96,524.31,637649.27,637649.27,0.01,637649.28,534.48,534.61,1.87
637649.29,10.19,637659.47,637659.47,524.79,638184.26,638184.26,0.01,638184.27,534.98,534.49,1.87
638184.28,10.15,638194.43,638194.43,524.31,638718.73,638718.73,0.01,638718.74,534.46,534.99,1.87
638718.74,10.18,638728.93,638728.93,524.89,639253.81,639253.81,0.01,639253.82,535.08,534.47,1.87
639253.83,10.27,639264.09,639264.09,524.25,639788.34,639788.34,0.01,639788.35,534.52,535.08,1.87
639788.35,10.17,639798.52,639798.52,524.39,640322.91,640322.91,0.01,640322.92,534.57,534.53,1.87
640322.93,10.19,640333.12,640333.12,524.31,640857.43,640857.43,0.01,640857.44,534.51,534.57,1.87
640857.44,10.24,640867.68,640867.68,524.24,641391.93,641391.93,0.01,641391.93,534.49,534.52,1.87
641391.94,10.24,641402.18,641402.18,524.46,641926.64,641926.64,0.01,641926.65,534.71,534.50,1.87
641926.65,10.22,641936.87,641936.87,524.44,642461.31,642461.31,0.01,642461.32,534.67,534.71,1.87
642461.32,10.18,642471.50,642471.50,523.99,642995.48,642995.48,0.01,642995.49,534.17,534.67,1.87
642995.50,10.22,643005.72,643005.72,524.24,643529.96,643529.96,0.01,643529.96,534.47,534.17,1.87
643529.97,10.22,643540.19,643540.19,524.12,644064.32,644064.32,0.01,644064.32,534.36,534.47,1.87
644064.33,10.12,644074.45,644074.45,524.54,644598.99,644598.99,0.01,644598.99,534.67,534.36,1.87
644599.00,10.20,644609.20,644609.20,524.64,645133.84,645133.84,0.01,645133.85,534.85,534.67,1.87
645133.85,10.20,645144.05,645144.05,524.57,645668.62,645668.62,0.01,645668.63,534.78,534.85,1.87
645668.63,10.19,645678.82,645678.82,524.44,646203.26,646203.26,0.01,646203.26,534.63,534.78,1.87
646203.27,10.21,646213.48,646213.48,524.23,646737.71,646737.71,0.01,646737.71,534.44,534.63,1.87
646737.72,10.18,646747.90,646747.90,524.41,647272.30,647272.30,0.01,647272.31,534.59,534.45,1.87
647272.32,10.21,647282.53,647282.53,524.59,647807.12,647807.12,0.01,647807.12,534.81,534.60,1.87
647807.13,10.23,647817.35,647817.35,524.43,648341.79,648341.79,0.01,648341.79,534.66,534.81,1.87
648341.80,10.15,648351.95,648351.95,524.30,648876.25,648876.25,0.01,648876.26,534.46,534.67,1.87
648876.26,10.19,648886.45,648886.45,524.86,649411.31,649411.31,0.01,649411.32,535.05,534.47,1.87
649411.32,10.24,649421.56,649421.56,523.96,649945.52,649945.52,0.01,649945.53,534.20,535.06,1.87
649945.53,10.19,649955.72,649955.72,524.55,650480.27,650480.27,0.01,650480.28,534.74,534.21,1.87
650480.28,10.14,650490.42,650490.42,513.48,651003.89,651003.89,0.01,651003.90,523.62,534.75,1.87
651003.90,10.00,651013.91,651013.91,512.01,651525.92,651525.92,0.01,651525.92,522.02,523.62,1.91
651525.93,10.21,651536.14,651536.14,524.11,652060.24,652060.24,0.01,652060.25,534.32,522.03,1.92
652060.26,10.23,652070.48,652070.48,524.67,652595.16,652595.16,0.01,652595.16,534.91,534.33,1.87
652595.17,10.18,652605.35,652605.35,524.34,653129.69,653129.69,0.01,653129.70,534.53,534.91,1.87
653129.70,10.22,653139.92,653139.92,524.48,653664.39,653664.39,0.01,653664.40,534.70,534.53,1.87
653664.41,10.15,653674.55,653674.55,524.47,654199.02,654199.02,0.01,654199.03,534.62,534.71,1.87
654199.03,10.24,654209.28,654209.28,524.21,654733.49,654733.49,0.01,654733.49,534.46,534.63,1.87
654733.50,10.23,654743.73,654743.73,524.24,655267.97,655267.97,0.01,655267.98,534.48,534.47,1.87
655267.98,10.18,655278.16,655278.16,524.49,655802.65,655802.65,0.01,655802.66,534.68,534.48,1.87
655802.67,10.27,655812.93,655812.93,524.46,656337.40,656337.40,0.01,656337.41,534.74,534.68,1.87
656337.41,10.25,656347.66,656347.66,524.38,656872.04,656872.04,0.01,656872.05,534.64,534.74,1.87
656872.05,10.24,656882.29,656882.29,524.59,657406.88,657406.88,0.01,657406.88,534.83,534.64,1.87
657406.89,10.22,657417.10,657417.10,524.99,657942.09,657942.09,0.01,657942.10,535.21,534.83,1.87
657942.10,10.28,657952.39,657952.39,524.25,658476.64,658476.64,0.01,658476.64,534.54,535.22,1.87
658476.65,10.16,658486.81,658486.81,524.73,659011.53,659011.53,0.01,659011.54,534.89,534.54,1.87
659011.54,10.19,659021.74,659021.74,524.45,659546.18,659546.18,0.01,659546.19,534.65,534.90,1.87
659546.20,10.17,659556.37,659556.37,523.94,660080.30,660080.30,0.01,660080.31,534.11,534.65,1.87
660080.31,10.20,660090.51,660090.51,524.64,660615.15,660615.15,0.01,660615.16,534.85,534.12,1.87
660615.16,10.24,660625.40,660625.40,524.58,661149.98,661149.98,0.01,661149.98,534.82,534.85,1.87
661149.99,10.24,661160.23,661160.23,523.88,661684.11,661684.11,0.01,661684.11,534.13,534.82,1.87
661684.12,10.14,661694.26,661694.26,524.49,662218.75,662218.75,0.01,662218.75,534.64,534.13,1.87
662218.76,10.19,662228.95,662228.95,524.53,662753.48,662753.48,0.01,662753.49,534.73,534.64,1.87
662753.49,10.18,662763.67,662763.67,524.25,663287.92,663287.92,0.01,663287.93,534.44,534.73,1.87
663287.93,10.18,663298.11,663298.11,524.51,663822.62,663822.62,0.01,663822.63,534.69,534.44,1.87
663822.63,10.24,663832.88,663832.88,524.44,664357.32,664357.32,0.01,664357.33,534.69,534.70,1.87
664357.33,10.19,664367.52,664367.52,524.71,664892.23,664892.23,0.01,664892.23,534.90,534.70,1.87
664892.24,10.16,664902.39,664902.39,524.67,665427.07,665427.07,0.01,665427.07,534.83,534.91,1.87
665427.08,10.21,665437.29,665437.29,524.54,665961.83,665961.83,0.01,665961.83,534.76,534.84,1.87
665961.84,10.28,665972.11,665972.11,524.03,666496.14,666496.14,0.01,666496.15,534.31,534.76,1.87
666496.15,10.21,666506.37,666506.37,524.37,667030.74,667030.74,0.01,667030.75,534.59,534.32,1.87
667030.75,10.21,667040.97,667040.97,524.34,667565.31,667565.31,0.01,667565.32,534.56,534.60,1.87
667565.32,10.18,667575.50,667575.50,524.49,668099.99,668099.99,0.01,668100.00,534.67,534.57,1.87
668100.01,10.24,668110.25,668110.25,524.04,668634.29,668634.29,0.01,668634.29,534.28,534.69,1.87
668634.30,10.25,668644.55,668644.55,524.53,669169.07,669169.07,0.01,669169.08,534.78,534.29,1.87
669169.09,10.22,669179.31,669179.31,524.83,669704.14,669704.14,0.01,669704.15,535.06,534.79,1.87
669704.15,10.12,669714.27,669714.27,524.23,670238.50,670238.50,0.01,670238.50,534.35,535.07,1.87
670238.51,10.28,670248.79,670248.79,524.04,670772.83,670772.83,0.01,670772.84,534.33,534.35,1.87
670772.84,10.17,670783.01,670783.01,524.23,671307.24,671307.24,0.01,671307.25,534.41,534.34,1.87
671307.25,10.23,671317.48,671317.48,524.16,671841.64,671841.64,0.01,671841.65,534.39,534.41,1.87
671841.65,10.18,671851.84,671851.84,524.18,672376.02,672376.02,0.01,672376.03,534.37,534.40,1.87
672376.03,10.18,672386.21,672386.21,524.43,672910.65,672910.65,0.01,672910.65,534.62,534.38,1.87
672910.66,10.20,672920.86,672920.86,524.30,673445.16,673445.16,0.01,673445.17,534.51,534.63,1.87
673445.17,10.20,673455.37,673455.37,524.75,673980.12,673980.12,0.01,673980.13,534.96,534.51,1.87
673980.13,10.17,673990.30,673990.30,524.79,674515.09,674515.09,0.01,674515.10,534.96,534.96,1.87
674515.10,10.26,674525.36,674525.36,524.60,675049.96,675049.96,0.01,675049.96,534.86,534.97,1.87
675049.97,10.18,675060.15,675060.15,524.48,675584.63,675584.63,0.01,675584.64,534.67,534.87,1.87
675584.65,10.24,675594.88,675594.88,524.30,676119.18,676119.18,0.01,676119.19,534.54,534.67,1.87
676119.20,10.21,676129.40,676129.40,523.87,676653.27,676653.27,0.01,676653.28,534.08,534.55,1.87
676653.28,10.27,676663.55,676663.55,524.04,677187.60,677187.60,0.01,677187.60,534.32,534.09,1.87
677187.61,10.18,677197.79,677197.79,524.47,677722.26,677722.26,0.01,677722.26,534.66,534.32,1.87
677722.27,10.22,677732.49,677732.49,525.00,678257.49,678257.49,0.01,678257.49,535.22,534.66,1.87
678257.50,10.16,678267.66,678267.66,524.68,678792.34,678792.34,0.01,678792.34,534.85,535.23,1.87
678792.35,10.21,678802.56,678802.56,524.56,679327.13,679327.13,0.01,679327.13,534.78,534.85,1.87
679327.14,10.22,679337.36,679337.36,524.57,679861.93,679861.93,0.01,679861.94,534.80,534.79,1.87
679861.94,10.17,679872.11,679872.11,524.14,680396.25,680396.25,0.01,680396.26,534.32,534.80,1.87
680396.26,10.16,680406.42,680406.42,524.52,680930.94,680930.94,0.01,680930.95,534.68,534.32,1.87
680930.95,10.20,680941.15,680941.15,524.51,681465.66,681465.66,0.01,681465.67,534.71,534.69,1.87
681465.67,10.18,681475.85,681475.85,524.23,682000.08,682000.08,0.01,682000.08,534.41,534.72,1.87
682000.09,10.22,682010.31,682010.31,524.43,682534.74,682534.74,0.01,682534.75,534.66,534.41,1.87
682534.75,10.21,682544.96,682544.96,524.60,683069.56,683069.56,0.01,683069.57,534.82,534.67,1.87
683069.57,10.22,683079.80,683079.80,524.29,683604.09,683604.09,0.01,683604.09,534.52,534.82,1.87
683604.10,10.15,683614.24,683614.24,524.30,684138.54,684138.54,0.01,684138.55,534.46,534.52,1.87
684138.56,10.16,684148.72,684148.72,524.06,684672.78,684672.78,0.01,684672.78,534.23,534.46,1.87
684672.79,10.15,684682.94,684682.94,524.53,685207.47,685207.47,0.01,685207.48,534.68,534.23,1.87
685207.48,10.21,685217.70,685217.70,524.01,685741.70,685741.70,0.01,685741.71,534.23,534.69,1.87
685741.71,10.21,685751.92,685751.92,524.79,686276.71,686276.71,0.01,686276.72,535.00,534.23,1.87
686276.72,10.17,686286.89,686286.90,524.51,686811.40,686811.40,0.01,686811.41,534.69,535.01,1.87
686811.41,10.24,686821.65,686821.65,524.19,687345.84,687345.84,0.01,687345.85,534.43,534.69,1.87
687345.85,10.20,687356.05,687356.05,524.51,687880.55,687880.55,0.01,687880.56,534.71,534.44,1.87
687880.57,10.19,687890.76,687890.76,524.70,688415.46,688415.46,0.01,688415.47,534.90,534.71,1.87
688415.47,10.22,688425.70,688425.70,524.13,688949.83,688949.83,0.01,688949.83,534.36,534.90,1.87
688949.84,10.18,688960.02,688960.02,524.51,689484.53,689484.53,0.01,689484.53,534.70,534.37,1.87
689484.54,10.18,689494.73,689494.73,524.45,690019.17,690019.17,0.01,690019.18,534.64,534.70,1.87
690019.18,10.19,690029.37,690029.37,524.59,690553.96,690553.96,0.01,690553.97,534.78,534.64,1.87
690553.97,10.24,690564.22,690564.22,524.06,691088.28,691088.28,0.01,691088.28,534.31,534.79,1.87
691088.29,10.21,691098.50,691098.50,524.56,691623.06,691623.06,0.01,691623.07,534.78,534.32,1.87
691623.08,10.20,691633.28,691633.28,524.40,692157.67,692157.67,0.01,692157.68,534.60,534.79,1.87
692157.69,10.26,692167.94,692167.94,524.49,692692.43,692692.43,0.01,692692.44,534.75,534.61,1.87
692692.44,10.17,692702.61,692702.61,524.82,693227.43,693227.43,0.01,693227.43,534.99,534.76,1.87
693227.44,10.21,693237.65,693237.65,524.07,693761.71,693761.71,0.01,693761.72,534.28,535.00,1.87
693761.72,10.19,693771.92,693771.92,524.68,694296.60,694296.60,0.01,694296.61,534.88,534.28,1.87
694296.61,10.16,694306.78,694306.78,524.97,694831.75,694831.75,0.01,694831.75,535.14,534.89,1.87
694831.76,10.21,694841.97,694841.97,524.44,695366.41,695366.41,0.01,695366.42,534.66,535.15,1.87
695366.42,10.18,695376.60,695376.60,524.19,695900.79,695900.80,0.01,695900.80,534.38,534.66,1.87
695900.81,10.21,695911.02,695911.02,524.79,696435.81,696435.81,0.01,696435.82,535.01,534.39,1.87
696435.82,10.21,696446.03,696446.03,524.65,696970.68,696970.68,0.01,696970.68,534.86,535.02,1.87
696970.69,10.16,696980.85,696980.85,524.37,697505.22,697505.22,0.01,697505.22,534.54,534.87,1.87
697505.23,10.26,697515.49,697515.49,524.15,698039.65,698039.65,0.01,698039.65,534.42,534.54,1.87
698039.66,10.13,698049.79,698049.79,524.92,698574.71,698574.71,0.01,698574.71,535.06,534.43,1.87
698574.72,10.23,698584.95,698584.95,524.69,699109.64,699109.64,0.01,699109.65,534.93,535.06,1.87
699109.65,10.19,699119.85,699119.85,524.51,699644.36,699644.36,0.01,699644.36,534.71,534.93,1.87
699644.37,10.17,699654.54,699654.54,524.37,700178.91,700178.91,0.01,700178.92,534.55,534.72,1.87
700178.92,10.21,700189.14,700189.14,524.43,700713.57,700713.57,0.01,700713.58,534.65,534.55,1.87
700713.58,10.17,700723.76,700723.76,524.42,701248.18,701248.18,0.01,701248.18,534.60,534.66,1.87
701248.19,10.17,701258.36,701258.36,524.36,701782.72,701782.72,0.01,701782.73,534.54,534.61,1.87
701782.73,10.18,701792.91,701792.91,524.72,702317.63,702317.63,0.01,702317.64,534.91,534.54,1.87
702317.65,10.19,702327.83,702327.83,524.53,702852.36,702852.36,0.01,702852.37,534.72,534.91,1.87
702852.37,10.18,702862.55,702862.55,524.77,703387.33,703387.33,0.01,703387.33,534.96,534.73,1.87
703387.34,10.18,703397.51,703397.51,525.15,703922.66,703922.66,0.01,703922.67,535.33,534.96,1.87
703922.67,10.23,703932.90,703932.90,524.46,704457.36,704457.36,0.01,704457.37,534.69,535.34,1.87
704457.37,10.28,704467.65,704467.65,524.13,704991.78,704991.78,0.01,704991.79,534.41,534.70,1.87
704991.79,10.21,705002.00,705002.00,524.50,705526.51,705526.51,0.01,705526.51,534.72,534.42,1.87
705526.52,10.17,705536.69,705536.69,524.50,706061.19,706061.19,0.01,706061.20,534.68,534.73,1.87
706061.20,10.13,706071.33,706071.33,524.31,706595.65,706595.65,0.01,706595.65,534.45,534.69,1.87
706595.66,10.16,706605.82,706605.82,523.92,707129.74,707129.74,0.01,707129.75,534.09,534.46,1.87
707129.75,10.20,707139.95,707139.95,523.92,707663.87,707663.87,0.01,707663.88,534.13,534.09,1.87
707663.88,10.24,707674.12,707674.12,524.36,708198.48,708198.48,0.01,708198.49,534.60,534.13,1.87
708198.49,10.21,708208.70,708208.70,524.43,708733.13,708733.13,0.01,708733.13,534.64,534.61,1.87
708733.14,10.20,708743.34,708743.34,525.04,709268.38,709268.38,0.01,709268.39,535.25,534.65,1.87
709268.40,10.17,709278.57,709278.57,524.62,709803.18,709803.18,0.01,709803.19,534.79,535.26,1.87
709803.20,10.22,709813.42,709813.42,524.33,710337.75,710337.75,0.01,710337.75,534.56,534.80,1.87
710337.76,10.16,710347.92,710347.92,519.03,710866.95,710866.95,0.01,710866.95,529.19,534.56,1.87
710866.96,9.93,710876.89,710876.89,509.12,711386.01,711386.01,0.01,711386.01,519.06,529.20,1.89
711386.02,10.18,711396.20,711396.20,523.79,711919.98,711919.98,0.01,711919.99,533.97,519.06,1.93
711919.99,10.21,711930.20,711930.20,524.33,712454.53,712454.53,0.01,712454.54,534.55,533.97,1.87
712454.54,10.25,712464.79,712464.79,524.39,712989.18,712989.18,0.01,712989.18,534.64,534.55,1.87
712989.19,10.18,712999.36,712999.36,524.23,713523.59,713523.59,0.01,713523.60,534.41,534.65,1.87
713523.60,10.16,713533.76,713533.76,524.84,714058.60,714058.60,0.01,714058.60,535.00,534.41,1.87
714058.61,10.17,714068.78,714068.78,524.45,714593.23,714593.23,0.01,714593.23,534.63,535.01,1.87
714593.24,10.18,714603.42,714603.42,524.21,715127.63,715127.63,0.01,715127.64,534.40,534.63,1.87
715127.65,10.18,715137.82,715137.82,524.16,715661.98,715661.98,0.01,715661.99,534.35,534.41,1.87
715662.00,10.19,715672.18,715672.18,524.04,716196.22,716196.22,0.01,716196.23,534.23,534.35,1.87
716196.23,10.23,716206.46,716206.46,524.17,716730.63,716730.63,0.01,716730.64,534.41,534.24,1.87
716730.65,10.26,716740.91,716740.91,524.46,717265.36,717265.36,0.01,717265.37,534.72,534.41,1.87
717265.38,10.18,717275.55,717275.55,524.02,717799.57,717799.57,0.01,717799.58,534.21,534.73,1.87
717799.59,10.17,717809.76,717809.76,524.53,718334.28,718334.28,0.01,718334.29,534.70,534.21,1.87
718334.29,10.19,718344.49,718344.49,524.57,718869.06,718869.06,0.01,718869.07,534.77,534.71,1.87
718869.07,10.16,718879.23,718879.23,524.55,719403.78,719403.78,0.01,719403.78,534.71,534.78,1.87
719403.79,10.17,719413.96,719413.96,524.20,719938.16,719938.16,0.01,719938.16,534.38,534.72,1.87
719938.17,10.15,719948.32,719948.32,523.95,720472.27,720472.27,0.01,720472.28,534.11,534.38,1.87
720472.28,10.18,720482.46,720482.46,525.10,721007.56,721007.56,0.01,721007.56,535.28,534.11,1.87
721007.57,10.26,721017.83,721017.83,524.29,721542.12,721542.12,0.01,721542.12,534.55,535.29,1.87
721542.13,10.25,721552.38,721552.38,524.45,722076.83,722076.83,0.01,722076.84,534.71,534.56,1.87
722076.84,10.17,722087.01,722087.01,524.47,722611.48,722611.48,0.01,722611.48,534.64,534.71,1.87
722611.49,10.19,722621.68,722621.68,524.41,723146.09,723146.09,0.01,723146.10,534.61,534.65,1.87
723146.10,10.18,723156.28,723156.28,524.05,723680.33,723680.33,0.01,723680.33,534.23,534.61,1.87
723680.34,10.21,723690.55,723690.55,524.86,724215.40,724215.40,0.01,724215.41,535.07,534.24,1.87
724215.42,10.20,724225.61,724225.61,524.80,724750.41,724750.41,0.01,724750.41,535.00,535.08,1.87
724750.42,10.17,724760.59,724760.59,524.44,725285.03,725285.03,0.01,725285.04,534.62,535.00,1.87
725285.04,10.26,725295.30,725295.30,524.52,725819.82,725819.82,0.01,725819.82,534.78,534.62,1.87
725819.83,10.18,725830.01,725830.01,524.73,726354.73,726354.73,0.01,726354.74,534.91,534.79,1.87
726354.75,10.18,726364.92,726364.92,524.36,726889.28,726889.28,0.01,726889.29,534.54,534.92,1.87
726889.29,10.24,726899.54,726899.54,524.36,727423.90,727423.90,0.01,727423.91,534.61,534.55,1.87
727423.91,10.22,727434.13,727434.13,524.46,727958.59,727958.59,0.01,727958.60,534.69,534.62,1.87
727958.61,10.22,727968.82,727968.82,524.43,728493.25,728493.25,0.01,728493.26,534.66,534.69,1.87
728493.27,10.25,728503.52,728503.52,524.35,729027.87,729027.87,0.01,729027.87,534.61,534.66,1.87
729027.88,10.18,729038.06,729038.06,524.82,729562.88,729562.88,0.01,729562.89,535.01,534.61,1.87
729562.89,10.19,729573.08,729573.08,524.65,730097.73,730097.73,0.01,730097.74,534.84,535.01,1.87
730097.74,10.23,730107.97,730107.97,524.23,730632.21,730632.21,0.01,730632.22,534.47,534.85,1.87
730632.22,10.18,730642.40,730642.40,524.43,731166.83,731166.83,0.01,731166.83,534.61,534.48,1.87
731166.84,10.15,731176.99,731176.99,524.74,731701.72,731701.72,0.01,731701.73,534.89,534.62,1.87
731701.74,10.16,731711.90,731711.90,524.31,732236.20,732236.20,0.01,732236.21,534.47,534.90,1.87
732236.21,10.19,732246.41,732246.41,524.34,732770.74,732770.74,0.01,732770.75,534.53,534.48,1.87
732770.75,10.16,732780.92,732780.92,524.74,733305.66,733305.66,0.01,733305.67,534.91,534.54,1.87
733305.67,10.19,733315.86,733315.86,524.80,733840.66,733840.66,0.01,733840.67,535.00,534.92,1.87
733840.67,10.14,733850.81,733850.81,524.53,734375.35,734375.35,0.01,734375.35,534.68,535.00,1.87
734375.36,10.16,734385.52,734385.52,524.23,734909.75,734909.75,0.01,734909.75,534.39,534.69,1.87
734909.76,10.21,734919.97,734919.97,524.44,735444.41,735444.41,0.01,735444.41,534.66,534.40,1.87
735444.42,10.21,735454.63,735454.63,524.21,735978.83,735978.83,0.01,735978.84,534.42,534.66,1.87
735978.85,10.17,735989.01,735989.01,524.48,736513.49,736513.49,0.01,736513.50,534.65,534.43,1.87
736513.50,10.18,736523.68,736523.68,524.80,737048.49,737048.49,0.01,737048.49,534.99,534.65,1.87
737048.50,10.22,737058.71,737058.71,524.52,737583.23,737583.23,0.01,737583.24,534.74,535.00,1.87
737583.24,10.15,737593.39,737593.39,524.26,738117.65,738117.65,0.01,738117.66,534.42,534.74,1.87
738117.66,10.16,738127.82,738127.82,524.56,738652.38,738652.38,0.01,738652.39,534.73,534.42,1.87
738652.39,10.22,738662.61,738662.61,524.32,739186.93,739186.93,0.01,739186.94,534.54,534.73,1.87
739186.94,10.18,739197.12,739197.12,524.56,739721.68,739721.68,0.01,739721.69,534.75,534.55,1.87
739721.69,10.29,739731.98,739731.98,524.69,740256.67,740256.67,0.01,740256.68,534.99,534.75,1.87
740256.69,10.21,740266.90,740266.90,524.56,740791.45,740791.45,0.01,740791.46,534.77,534.99,1.87
740791.46,10.18,740801.64,740801.64,524.46,741326.10,741326.10,0.01,741326.10,534.64,534.78,1.87
741326.11,10.19,741336.29,741336.29,524.28,741860.58,741860.58,0.01,741860.59,534.48,534.64,1.87
741860.59,10.15,741870.74,741870.74,524.38,742395.12,742395.12,0.01,742395.13,534.54,534.48,1.87
742395.13,10.19,742405.32,742405.32,524.39,742929.71,742929.71,0.01,742929.72,534.58,534.54,1.87
742929.72,10.22,742939.94,742939.94,524.65,743464.58,743464.58,0.01,743464.59,534.87,534.59,1.87
743464.60,10.23,743474.83,743474.83,524.89,743999.71,743999.71,0.01,743999.72,535.12,534.88,1.87
743999.73,10.15,744009.88,744009.88,524.55,744534.43,744534.43,0.01,744534.43,534.71,535.13,1.87
744534.44,10.16,744544.59,744544.59,524.48,745069.07,745069.07,0.01,745069.08,534.64,534.71,1.87
745069.09,10.18,745079.26,745079.26,524.65,745603.91,745603.91,0.01,745603.92,534.83,534.65,1.87
745603.92,10.19,745614.11,745614.11,524.57,746138.69,746138.69,0.01,746138.69,534.77,534.84,1.87
746138.70,10.19,746148.89,746148.89,523.98,746672.86,746672.86,0.01,746672.87,534.17,534.77,1.87
746672.87,10.15,746683.02,746683.02,524.40,747207.42,747207.42,0.01,747207.43,534.56,534.18,1.87
747207.44,10.27,747217.71,747217.71,524.48,747742.18,747742.18,0.01,747742.19,534.75,534.56,1.87
747742.19,10.21,747752.41,747752.41,524.07,748276.48,748276.48,0.01,748276.48,534.29,534.76,1.87
748276.49,10.14,748286.62,748286.62,524.06,748810.68,748810.68,0.01,748810.69,534.20,534.29,1.87
748810.69,10.22,748820.91,748820.91,524.54,749345.45,749345.45,0.01,749345.46,534.76,534.20,1.87
749345.46,10.16,749355.63,749355.63,525.30,749880.93,749880.93,0.01,749880.93,535.47,534.77,1.87
749880.94,10.24,749891.18,749891.18,524.99,750416.17,750416.17,0.01,750416.18,535.24,535.48,1.87
750416.19,10.13,750426.32,750426.32,524.43,750950.74,750950.74,0.01,750950.75,534.56,535.24,1.87
750950.75,10.21,750960.97,750960.97,524.40,751485.36,751485.36,0.01,751485.37,534.62,534.57,1.87
751485.38,10.25,751495.62,751495.62,524.49,752020.11,752020.11,0.01,752020.12,534.74,534.62,1.87
752020.12,10.18,752030.31,752030.31,525.00,752555.30,752555.30,0.01,752555.31,535.19,534.75,1.87
752555.32,10.24,752565.56,752565.56,524.27,753089.83,753089.83,0.01,753089.84,534.52,535.19,1.87
753089.84,10.25,753100.09,753100.09,524.10,753624.19,753624.19,0.01,753624.19,534.35,534.53,1.87
753624.20,10.20,753634.40,753634.40,524.42,754158.82,754158.82,0.01,754158.83,534.63,534.36,1.87
754158.83,10.23,754169.06,754169.06,525.15,754694.21,754694.21,0.01,754694.21,535.38,534.63,1.87
754694.22,10.24,754704.46,754704.46,523.89,755228.34,755228.35,0.01,755228.35,534.13,535.39,1.87
755228.36,10.17,755238.53,755238.53,524.30,755762.83,755762.83,0.01,755762.84,534.48,534.14,1.87
755762.84,10.24,755773.08,755773.08,524.42,756297.50,756297.50,0.01,756297.50,534.66,534.48,1.87
756297.51,10.20,756307.71,756307.71,524.69,756832.41,756832.41,0.01,756832.41,534.90,534.67,1.87
756832.42,10.16,756842.58,756842.58,524.46,757367.04,757367.04,0.01,757367.04,534.63,534.91,1.87
757367.05,10.23,757377.28,757377.28,524.97,757902.25,757902.25,0.01,757902.26,535.21,534.63,1.87
757902.26,10.25,757912.52,757912.52,524.56,758437.07,758437.07,0.01,758437.08,534.82,535.21,1.87
758437.08,10.18,758447.27,758447.27,524.72,758971.99,758971.99,0.01,758971.99,534.91,534.82,1.87
758972.00,10.19,758982.18,758982.18,524.59,759506.77,759506.77,0.01,759506.78,534.78,534.91,1.87
759506.78,10.23,759517.01,759517.01,524.66,760041.67,760041.67,0.01,760041.68,534.89,534.79,1.87
760041.68,10.19,760051.87,760051.87,524.45,760576.31,760576.31,0.01,760576.32,534.64,534.90,1.87
760576.33,10.15,760586.47,760586.47,524.47,761110.95,761110.95,0.01,761110.95,534.63,534.64,1.87
761110.96,10.19,761121.14,761121.14,524.57,761645.71,761645.71,0.01,761645.72,534.76,534.63,1.87
761645.72,10.16,761655.88,761655.88,524.31,762180.19,762180.19,0.01,762180.20,534.47,534.77,1.87
762180.20,10.24,762190.44,762190.44,524.48,762714.92,762714.92,0.01,762714.92,534.72,534.48,1.87
762714.93,10.14,762725.07,762725.07,524.48,763249.56,763249.56,0.01,763249.56,534.63,534.73,1.87
763249.57,10.17,763259.74,763259.74,524.32,763784.06,763784.06,0.01,763784.06,534.50,534.64,1.87
763784.07,10.14,763794.21,763794.21,524.13,764318.34,764318.34,0.01,764318.35,534.28,534.50,1.87
764318.35,10.26,764328.61,764328.61,524.39,764852.99,764852.99,0.01,764853.00,534.65,534.28,1.87
764853.01,10.25,764863.26,764863.26,524.46,765387.72,765387.72,0.01,765387.73,534.72,534.65,1.87
765387.73,10.17,765397.90,765397.90,524.20,765922.10,765922.10,0.01,765922.11,534.38,534.73,1.87
765922.11,10.19,765932.30,765932.30,524.22,766456.53,766456.53,0.01,766456.53,534.42,534.38,1.87
766456.54,10.15,766466.69,766466.69,524.76,766991.45,766991.45,0.01,766991.46,534.92,534.42,1.87
766991.46,10.18,767001.64,767001.64,524.56,767526.19,767526.19,0.01,767526.20,534.74,534.92,1.87
767526.21,10.27,767536.47,767536.47,524.10,768060.57,768060.57,0.01,768060.58,534.37,534.75,1.87
768060.58,10.18,768070.76,768070.76,524.29,768595.05,768595.05,0.01,768595.05,534.47,534.38,1.87
768595.06,10.19,768605.25,768605.25,524.25,769129.50,769129.50,0.01,769129.50,534.44,534.48,1.87
769129.51,10.15,769139.66,769139.66,524.50,769664.16,769664.16,0.01,769664.16,534.66,534.45,1.87
769664.17,10.17,769674.34,769674.34,524.47,770198.81,770198.81,0.01,770198.82,534.65,534.66,1.87
770198.82,10.22,770209.04,770209.04,521.73,770730.77,770730.77,0.01,770730.77,531.95,534.65,1.87
770730.78,10.00,770740.77,770740.77,506.03,771246.80,771246.80,0.01,771246.81,516.03,531.95,1.88
771246.82,10.20,771257.01,771257.01,524.67,771781.69,771781.69,0.01,771781.69,534.88,516.04,1.94
771781.70,10.20,771791.90,771791.90,525.04,772316.94,772316.94,0.01,772316.95,535.25,534.88,1.87
772316.96,10.22,772327.18,772327.18,524.56,772851.74,772851.74,0.01,772851.74,534.79,535.26,1.87
772851.75,10.21,772861.96,772861.96,524.44,773386.41,773386.41,0.01,773386.41,534.66,534.79,1.87
773386.42,10.24,773396.66,773396.66,524.66,773921.32,773921.32,0.01,773921.32,534.91,534.67,1.87
773921.33,10.16,773931.49,773931.49,524.82,774456.30,774456.30,0.01,774456.31,534.98,534.91,1.87
774456.31,10.18,774466.49,774466.49,524.39,774990.88,774990.88,0.01,774990.88,534.57,534.99,1.87
774990.89,10.16,775001.04,775001.04,524.62,775525.66,775525.66,0.01,775525.67,534.78,534.57,1.87
775525.68,10.22,775535.89,775535.89,524.53,776060.42,776060.42,0.01,776060.43,534.75,534.79,1.87
776060.44,10.14,776070.58,776070.58,524.41,776594.99,776594.99,0.01,776594.99,534.56,534.76,1.87
776595.00,10.17,776605.17,776605.17,524.75,777129.92,777129.92,0.01,777129.92,534.93,534.56,1.87
777129.93,10.25,777140.18,777140.18,524.43,777664.61,777664.61,0.01,777664.62,534.69,534.93,1.87
777664.62,10.12,777674.74,777674.74,524.38,778199.12,778199.12,0.01,778199.13,534.51,534.69,1.87
778199.13,10.15,778209.29,778209.29,524.47,778733.75,778733.75,0.01,778733.76,534.63,534.51,1.87
778733.77,10.17,778743.94,778743.94,524.35,779268.28,779268.28,0.01,779268.29,534.52,534.63,1.87
779268.30,10.16,779278.45,779278.45,524.33,779802.79,779802.79,0.01,779802.79,534.50,534.53,1.87
779802.80,10.18,779812.98,779812.98,524.62,780337.59,780337.59,0.01,780337.60,534.80,534.50,1.87
780337.60,10.17,780347.77,780347.77,524.94,780872.71,780872.71,0.01,780872.71,535.11,534.80,1.87
780872.72,10.18,780882.89,780882.89,524.54,781407.43,781407.43,0.01,781407.44,534.72,535.12,1.87
781407.45,10.19,781417.63,781417.63,524.53,781942.16,781942.16,0.01,781942.17,534.73,534.73,1.87
781942.18,10.27,781952.45,781952.45,524.21,782476.66,782476.66,0.01,782476.66,534.49,534.73,1.87
782476.67,10.16,782486.83,782486.83,524.79,783011.62,783011.62,0.01,783011.63,534.96,534.49,1.87
783011.63,10.20,783021.83,783021.83,524.23,783546.07,783546.07,0.01,783546.08,534.45,534.96,1.87
783546.08,10.19,783556.27,783556.27,524.24,784080.50,784080.50,0.01,784080.51,534.43,534.45,1.87
784080.52,10.19,784090.71,784090.71,524.26,784614.97,784614.97,0.01,784614.97,534.46,534.44,1.87
784614.98,10.21,784625.19,784625.19,524.30,785149.50,785149.50,0.01,785149.50,534.52,534.46,1.87
785149.51,10.23,785159.74,785159.74,524.51,785684.25,785684.25,0.01,785684.25,534.75,534.53,1.87
785684.26,10.19,785694.45,785694.45,524.51,786218.96,786218.96,0.01,786218.97,534.71,534.75,1.87
786218.97,10.26,786229.23,786229.23,524.46,786753.69,786753.69,0.01,786753.69,534.72,534.72,1.87
786753.70,10.18,786763.88,786763.88,524.24,787288.13,787288.13,0.01,787288.13,534.43,534.73,1.87
787288.14,10.16,787298.30,787298.30,524.39,787822.68,787822.68,0.01,787822.69,534.55,534.44,1.87
787822.69,10.19,787832.88,787832.88,524.14,788357.02,788357.02,0.01,788357.03,534.34,534.56,1.87
788357.04,10.23,788367.26,788367.26,524.55,788891.81,788891.81,0.01,788891.82,534.78,534.34,1.87
788891.83,10.22,788902.04,788902.04,524.45,789426.49,789426.49,0.01,789426.50,534.67,534.79,1.87
789426.51,10.29,789436.79,789436.79,524.32,789961.11,789961.11,0.01,789961.12,534.62,534.68,1.87
789961.13,10.20,789971.32,789971.32,524.12,790495.44,790495.44,0.01,790495.45,534.32,534.62,1.87
790495.45,10.25,790505.71,790505.71,523.68,791029.38,791029.38,0.01,791029.39,533.94,534.33,1.87
791029.40,10.23,791039.62,791039.62,524.70,791564.32,791564.32,0.01,791564.33,534.93,533.94,1.87
791564.33,10.15,791574.48,791574.48,524.12,792098.60,792098.60,0.01,792098.61,534.28,534.94,1.87
792098.61,10.18,792108.80,792108.80,524.49,792633.29,792633.29,0.01,792633.30,534.68,534.28,1.87
792633.30,10.26,792643.56,792643.56,524.58,793168.14,793168.14,0.01,793168.15,534.84,534.69,1.87
793168.15,10.24,793178.40,793178.40,524.28,793702.68,793702.68,0.01,793702.68,534.53,534.85,1.87
793702.69,10.20,793712.89,793712.89,524.47,794237.36,794237.36,0.01,794237.36,534.68,534.54,1.87
794237.37,10.20,794247.57,794247.57,524.38,794771.95,794771.95,0.01,794771.96,534.58,534.68,1.87
794771.96,10.27,794782.23,794782.23,524.22,795306.45,795306.45,0.01,795306.46,534.50,534.59,1.87
795306.47,10.17,795316.64,795316.64,524.86,795841.50,795841.50,0.01,795841.50,535.04,534.50,1.87
795841.51,10.15,795851.66,795851.66,524.01,796375.67,796375.67,0.01,796375.68,534.17,535.04,1.87
796375.69,10.20,796385.88,796385.88,524.79,796910.67,796910.67,0.01,796910.68,534.99,534.18,1.87
796910.68,10.23,796920.91,796920.91,524.63,797445.55,797445.55,0.01,797445.55,534.87,535.00,1.87
797445.56,10.25,797455.80,797455.80,525.10,797980.91,797980.91,0.01,797980.91,535.36,534.88,1.87
797980.92,10.15,797991.07,797991.07,524.50,798515.57,798515.57,0.01,798515.57,534.66,535.36,1.87
798515.58,10.19,798525.77,798525.77,524.92,799050.68,799050.68,0.01,799050.69,535.11,534.66,1.87
799050.70,10.18,799060.88,799060.88,524.72,799585.60,799585.60,0.01,799585.61,534.91,535.12,1.87
799585.61,10.20,799595.82,799595.82,524.39,800120.21,800120.21,0.01,800120.22,534.60,534.92,1.87
800120.22,10.13,800130.35,800130.35,524.38,800654.73,800654.73,0.01,800654.74,534.52,534.61,1.87
800654.75,10.24,800664.98,800664.98,524.77,801189.75,801189.75,0.01,801189.76,535.01,534.53,1.87
801189.76,10.19,801199.96,801199.96,524.52,801724.48,801724.48,0.01,801724.48,534.72,535.02,1.87
801724.49,10.22,801734.70,801734.70,524.25,802258.96,802258.96,0.01,802258.96,534.48,534.72,1.87
802258.97,10.27,802269.23,802269.23,524.31,802793.55,802793.55,0.01,802793.55,534.59,534.48,1.87
802793.56,10.22,802803.78,802803.78,524.37,803328.15,803328.15,0.01,803328.16,534.60,534.59,1.87
803328.16,10.17,803338.33,803338.33,523.60,803861.93,803861.93,0.01,803861.94,533.77,534.61,1.87
803861.94,10.21,803872.15,803872.15,524.33,804396.48,804396.48,0.01,804396.49,534.55,533.78,1.87
804396.49,10.16,804406.66,804406.66,524.45,804931.11,804931.11,0.01,804931.11,534.62,534.55,1.87
804931.12,10.17,804941.29,804941.29,524.52,805465.81,805465.81,0.01,805465.81,534.69,534.63,1.87
805465.82,10.18,805475.99,805475.99,524.57,806000.57,806000.57,0.01,806000.57,534.75,534.70,1.87
806000.58,10.22,806010.80,806010.80,524.41,806535.20,806535.20,0.01,806535.21,534.63,534.76,1.87
806535.21,10.17,806545.39,806545.39,524.49,807069.88,807069.88,0.01,807069.88,534.67,534.64,1.87
807069.89,10.20,807080.09,807080.09,524.51,807604.60,807604.60,0.01,807604.61,534.72,534.68,1.87
807604.61,10.18,807614.79,807614.79,524.33,808139.13,808139.13,0.01,808139.13,534.52,534.72,1.87
808139.14,10.21,808149.35,808149.35,524.12,808673.46,808673.46,0.01,808673.47,534.33,534.53,1.87
808673.47,10.18,808683.65,808683.65,524.51,809208.16,809208.16,0.01,809208.17,534.69,534.33,1.87
809208.17,10.22,809218.39,809218.39,524.37,809742.76,809742.76,0.01,809742.76,534.59,534.70,1.87
809742.77,10.25,809753.02,809753.02,524.81,810277.84,810277.84,0.01,810277.84,535.07,534.60,1.87
810277.85,10.15,810288.00,810288.00,524.27,810812.26,810812.26,0.01,810812.27,534.42,535.08,1.87
810812.27,10.13,810822.41,810822.41,525.50,811347.91,811347.91,0.01,811347.92,535.64,534.43,1.87
811347.92,10.26,811358.18,811358.18,524.20,811882.38,811882.38,0.01,811882.39,534.47,535.65,1.87
811882.39,10.20,811892.59,811892.59,524.44,812417.03,812417.03,0.01,812417.04,534.64,534.47,1.87
812417.04,10.23,812427.27,812427.27,524.41,812951.68,812951.68,0.01,812951.69,534.65,534.65,1.87
812951.70,10.17,812961.86,812961.86,524.23,813486.10,813486.10,0.01,813486.11,534.41,534.65,1.87
813486.11,10.19,813496.30,813496.30,524.20,814020.50,814020.50,0.01,814020.51,534.40,534.42,1.87
814020.52,10.20,814030.71,814030.71,524.66,814555.37,814555.37,0.01,814555.38,534.86,534.40,1.87
814555.38,10.18,814565.56,814565.56,524.11,815089.67,815089.67,0.01,815089.67,534.29,534.87,1.87
815089.68,10.21,815099.89,815099.89,524.40,815624.28,815624.28,0.01,815624.29,534.61,534.30,1.87
815624.30,10.24,815634.54,815634.54,524.45,816159.00,816159.00,0.01,816159.00,534.71,534.62,1.87
816159.01,10.21,816169.21,816169.21,524.41,816693.63,816693.63,0.01,816693.63,534.62,534.71,1.87
816693.64,10.17,816703.81,816703.81,524.63,817228.44,817228.44,0.01,817228.45,534.81,534.63,1.87
817228.45,10.17,817238.63,817238.63,524.24,817762.86,817762.86,0.01,817762.87,534.42,534.81,1.87
817762.88,10.22,817773.09,817773.09,524.69,818297.78,818297.78,0.01,818297.79,534.91,534.42,1.87
818297.79,10.17,818307.97,818307.97,524.67,818832.64,818832.64,0.01,818832.65,534.85,534.92,1.87
818832.65,10.22,818842.87,818842.87,524.44,819367.31,819367.31,0.01,819367.31,534.66,534.86,1.87
819367.32,10.24,819377.55,819377.55,524.81,819902.36,819902.36,0.01,819902.37,535.05,534.67,1.87
819902.37,10.28,819912.65,819912.65,524.53,820437.18,820437.18,0.01,820437.19,534.82,535.05,1.87
820437.20,10.23,820447.42,820447.42,524.29,820971.71,820971.71,0.01,820971.72,534.52,534.82,1.87
820971.72,10.20,820981.92,820981.92,524.00,821505.92,821505.92,0.01,821505.92,534.20,534.52,1.87
821505.93,10.23,821516.16,821516.16,524.54,822040.70,822040.70,0.01,822040.70,534.77,534.21,1.87
822040.71,10.22,822050.92,822050.92,524.24,822575.17,822575.17,0.01,822575.17,534.47,534.78,1.87
822575.18,10.15,822585.33,822585.33,524.37,823109.70,823109.71,0.01,823109.71,534.53,534.47,1.87
823109.72,10.24,823119.96,823119.96,524.56,823644.52,823644.52,0.01,823644.52,534.81,534.54,1.87
823644.53,10.20,823654.73,823654.73,524.65,824179.38,824179.38,0.01,824179.38,534.86,534.81,1.87
824179.39,10.19,824189.58,824189.58,524.36,824713.94,824713.94,0.01,824713.95,534.56,534.86,1.87
824713.95,10.19,824724.15,824724.15,524.18,825248.32,825248.32,0.01,825248.33,534.38,534.56,1.87
825248.34,10.18,825258.52,825258.52,524.77,825783.29,825783.29,0.01,825783.30,534.96,534.38,1.87
825783.30,10.20,825793.51,825793.51,524.22,826317.72,826317.72,0.01,826317.73,534.43,534.97,1.87
826317.74,10.20,826327.94,826327.94,524.61,826852.55,826852.55,0.01,826852.55,534.82,534.43,1.87
826852.56,10.13,826862.69,826862.69,524.79,827387.48,827387.48,0.01,827387.49,534.93,534.82,1.87
827387.49,10.19,827397.68,827397.68,524.22,827921.90,827921.90,0.01,827921.90,534.41,534.94,1.87
827921.91,10.25,827932.16,827932.16,524.48,828456.64,828456.64,0.01,828456.65,534.74,534.42,1.87
828456.65,10.17,828466.82,828466.82,524.20,828991.02,828991.02,0.01,828991.02,534.37,534.75,1.87
828991.03,10.24,829001.27,829001.27,524.33,829525.60,829525.60,0.01,829525.60,534.57,534.38,1.87
829525.61,10.25,829535.85,829535.85,524.87,830060.72,830060.72,0.01,830060.73,535.12,534.58,1.87
830060.74,10.18,830070.92,830070.92,524.67,830595.59,830595.59,0.01,830595.60,534.86,535.13,1.87
830595.60,10.15,830605.75,830605.75,505.73,831111.48,831111.48,0.01,831111.49,515.89,534.87,1.87
831111.49,9.89,831121.38,831121.38,517.51,831638.90,831638.90,0.01,831638.90,527.41,515.89,1.94
831638.91,10.18,831649.09,831649.09,524.56,832173.65,832173.65,0.01,832173.66,534.75,527.42,1.90
832173.67,10.19,832183.85,832183.85,524.49,832708.34,832708.34,0.01,832708.34,534.68,534.76,1.87
832708.35,10.13,832718.48,832718.48,524.39,833242.87,833242.87,0.01,833242.88,534.53,534.68,1.87
833242.88,10.27,833253.15,833253.15,524.68,833777.83,833777.83,0.01,833777.84,534.95,534.53,1.87
833777.84,10.20,833788.04,833788.04,524.42,834312.46,834312.46,0.01,834312.47,534.63,534.96,1.87
834312.47,10.16,834322.63,834322.63,524.47,834847.11,834847.11,0.01,834847.12,534.64,534.63,1.87
834847.12,10.19,834857.31,834857.31,524.77,835382.08,835382.08,0.01,835382.09,534.97,534.65,1.87
835382.09,10.24,835392.33,835392.33,524.17,835916.51,835916.51,0.01,835916.51,534.42,534.97,1.87
835916.52,10.22,835926.74,835926.74,524.30,836451.03,836451.03,0.01,836451.04,534.52,534.43,1.87
836451.05,10.24,836461.29,836461.29,524.77,836986.06,836986.06,0.01,836986.07,535.02,534.53,1.87
836986.07,10.21,836996.28,836996.28,524.69,837520.97,837520.97,0.01,837520.97,534.90,535.03,1.87
837520.98,10.25,837531.23,837531.23,524.58,838055.81,838055.81,0.01,838055.81,534.83,534.91,1.87
838055.82,10.14,838065.96,838065.96,524.34,838590.30,838590.30,0.01,838590.31,534.49,534.84,1.87
838590.32,10.20,838600.52,838600.52,524.90,839125.41,839125.41,0.01,839125.42,535.10,534.50,1.87
839125.43,10.22,839135.64,839135.64,525.09,839660.74,839660.74,0.01,839660.74,535.32,535.11,1.87
839660.75,10.15,839670.90,839670.90,524.27,840195.17,840195.17,0.01,840195.17,534.43,535.32,1.87
840195.18,10.20,840205.38,840205.38,524.56,840729.94,840729.94,0.01,840729.95,534.77,534.43,1.87
840729.95,10.23,840740.19,840740.19,525.66,841265.85,841265.85,0.01,841265.85,535.90,534.77,1.87
841265.86,10.19,841276.05,841276.05,524.35,841800.40,841800.40,0.01,841800.41,534.55,535.90,1.87
841800.41,10.24,841810.65,841810.65,524.63,842335.28,842335.28,0.01,842335.28,534.87,534.55,1.87
842335.29,10.16,842345.45,842345.45,524.09,842869.55,842869.55,0.01,842869.55,534.26,534.88,1.87
842869.56,10.20,842879.75,842879.75,524.46,843404.21,843404.21,0.01,843404.22,534.66,534.27,1.87
843404.23,10.23,843414.46,843414.46,524.16,843938.62,843938.62,0.01,843938.63,534.40,534.67,1.87
843938.63,10.24,843948.87,843948.87,524.36,844473.23,844473.23,0.01,844473.23,534.60,534.41,1.87
844473.24,10.16,844483.40,844483.40,524.21,845007.61,845007.61,0.01,845007.62,534.38,534.61,1.87
845007.63,10.16,845017.79,845017.79,524.28,845542.07,845542.07,0.01,845542.08,534.45,534.39,1.87
845542.08,10.24,845552.32,845552.32,524.41,846076.73,846076.73,0.01,846076.73,534.65,534.46,1.87
846076.74,10.15,846086.89,846086.89,524.20,846611.09,846611.09,0.01,846611.10,534.36,534.66,1.87
846611.10,10.18,846621.29,846621.29,524.46,847145.75,847145.75,0.01,847145.76,534.66,534.36,1.87
847145.76,10.22,847155.99,847155.99,524.39,847680.38,847680.38,0.01,847680.38,534.62,534.66,1.87
847680.39,10.21,847690.60,847690.60,524.39,848214.98,848214.98,0.01,848214.99,534.60,534.63,1.87
848215.00,10.18,848225.18,848225.18,524.37,848749.55,848749.55,0.01,848749.55,534.56,534.61,1.87
848749.56,10.19,848759.75,848759.75,524.61,849284.36,849284.36,0.01,849284.37,534.81,534.56,1.87
849284.37,10.22,849294.59,849294.60,524.69,849819.29,849819.29,0.01,849819.29,534.92,534.81,1.87
849819.30,10.18,849829.48,849829.48,524.18,850353.66,850353.66,0.01,850353.66,534.36,534.93,1.87
850353.67,10.16,850363.83,850363.83,524.77,850888.60,850888.60,0.01,850888.61,534.94,534.37,1.87
850888.61,10.18,850898.79,850898.79,524.51,851423.30,851423.30,0.01,851423.31,534.69,534.94,1.87
851423.31,10.16,851433.47,851433.47,524.83,851958.30,851958.30,0.01,851958.30,534.99,534.70,1.87
851958.31,10.17,851968.48,851968.48,524.56,852493.05,852493.05,0.01,852493.05,534.75,535.00,1.87
852493.06,10.24,852503.30,852503.30,524.43,853027.73,853027.73,0.01,853027.74,534.68,534.75,1.87
853027.74,10.19,853037.93,853037.93,524.30,853562.23,853562.23,0.01,853562.24,534.50,534.68,1.87
853562.25,10.25,853572.50,853572.50,524.11,854096.61,854096.61,0.01,854096.62,534.37,534.50,1.87
854096.62,10.15,854106.78,854106.78,524.70,854631.48,854631.48,0.01,854631.48,534.86,534.38,1.87
854631.49,10.27,854641.76,854641.76,524.25,855166.01,855166.01,0.01,855166.01,534.52,534.87,1.87
855166.02,10.24,855176.26,855176.26,524.35,855700.61,855700.61,0.01,855700.61,534.60,534.53,1.87
855700.62,10.17,855710.79,855710.79,524.80,856235.59,856235.59,0.01,856235.60,534.98,534.60,1.87
856235.61,10.18,856245.79,856245.79,524.61,856770.40,856770.40,0.01,856770.41,534.80,534.99,1.87
856770.41,10.17,856780.59,856780.59,524.64,857305.23,857305.23,0.01,857305.24,534.82,534.81,1.87
857305.24,10.16,857315.40,857315.40,524.51,857839.91,857839.91,0.01,857839.92,534.68,534.83,1.87
857839.93,10.13,857850.06,857850.06,524.62,858374.68,858374.68,0.01,858374.69,534.77,534.69,1.87
858374.70,10.26,858384.96,858384.96,524.82,858909.77,858909.77,0.01,858909.78,535.08,534.77,1.87
858909.78,10.18,858919.97,858919.97,524.66,859444.63,859444.63,0.01,859444.63,534.85,535.09,1.87
859444.64,10.17,859454.81,859454.81,524.81,859979.62,859979.62,0.01,859979.63,534.99,534.85,1.87
859979.63,10.15,859989.78,859989.78,524.65,860514.43,860514.43,0.01,860514.43,534.80,534.99,1.87
860514.44,10.18,860524.62,860524.62,524.20,861048.82,861048.82,0.01,861048.83,534.39,534.81,1.87
861048.83,10.19,861059.03,861059.03,524.25,861583.28,861583.28,0.01,861583.28,534.45,534.39,1.87
861583.29,10.19,861593.47,861593.47,524.28,862117.75,862117.75,0.01,862117.76,534.47,534.46,1.87
862117.76,10.13,862127.89,862127.89,524.39,862652.28,862652.28,0.01,862652.28,534.52,534.48,1.87
862652.29,10.19,862662.48,862662.48,524.33,863186.81,863186.81,0.01,863186.82,534.53,534.53,1.87
863186.82,10.20,863197.02,863197.02,524.69,863721.72,863721.72,0.01,863721.72,534.90,534.53,1.87
863721.73,10.20,863731.93,863731.93,524.72,864256.65,864256.65,0.01,864256.65,534.92,534.91,1.87
864256.66,10.23,864266.89,864266.89,524.62,864791.51,864791.51,0.01,864791.52,534.86,534.93,1.87
864791.53,10.19,864801.71,864801.71,524.60,865326.31,865326.31,0.01,865326.31,534.79,534.87,1.87
865326.32,10.18,865336.50,865336.50,524.28,865860.78,865860.78,0.01,865860.79,534.47,534.79,1.87
865860.79,10.23,865871.02,865871.02,524.78,866395.80,866395.80,0.01,866395.81,535.01,534.47,1.87
866395.81,10.18,866405.99,866405.99,524.27,866930.26,866930.26,0.01,866930.26,534.45,535.02,1.87
866930.27,10.27,866940.53,866940.53,524.54,867465.08,867465.08,0.01,867465.09,534.82,534.45,1.87
867465.09,10.15,867475.24,867475.24,524.46,867999.70,867999.70,0.01,867999.71,534.62,534.83,1.87
867999.71,10.18,868009.89,868009.89,524.46,868534.35,868534.35,0.01,868534.36,534.64,534.62,1.87
868534.36,10.20,868544.56,868544.56,524.14,869068.71,869068.71,0.01,869068.71,534.35,534.65,1.87
869068.72,10.24,869078.96,869078.96,524.27,869603.23,869603.23,0.01,869603.23,534.52,534.36,1.87
869603.24,10.21,869613.45,869613.45,524.19,870137.65,870137.65,0.01,870137.65,534.41,534.52,1.87
870137.66,10.18,870147.84,870147.84,524.58,870672.42,870672.42,0.01,870672.43,534.77,534.42,1.87
870672.43,10.15,870682.58,870682.58,524.27,871206.85,871206.85,0.01,871206.86,534.42,534.78,1.87
871206.86,10.19,871217.05,871217.05,524.27,871741.32,871741.32,0.01,871741.33,534.46,534.43,1.87
871741.33,10.18,871751.51,871751.51,524.10,872275.61,872275.61,0.01,872275.62,534.29,534.47,1.87
872275.62,10.16,872285.78,872285.78,524.33,872810.12,872810.12,0.01,872810.12,534.50,534.29,1.87
872810.13,10.25,872820.38,872820.38,524.23,873344.61,873344.61,0.01,873344.62,534.49,534.51,1.87
873344.63,10.15,873354.78,873354.78,524.55,873879.33,873879.33,0.01,873879.33,534.71,534.50,1.87
873879.34,10.17,873889.51,873889.51,524.41,874413.92,874413.92,0.01,874413.93,534.59,534.71,1.87
874413.93,10.26,874424.19,874424.19,524.43,874948.62,874948.62,0.01,874948.63,534.69,534.59,1.87
874948.63,10.19,874958.82,874958.82,524.42,875483.25,875483.25,0.01,875483.25,534.62,534.70,1.87
875483.26,10.23,875493.49,875493.49,524.25,876017.74,876017.74,0.01,876017.74,534.49,534.63,1.87
876017.75,10.17,876027.92,876027.92,524.55,876552.47,876552.47,0.01,876552.48,534.73,534.49,1.87
876552.48,10.21,876562.69,876562.69,524.29,877086.98,877086.98,0.01,877086.99,534.50,534.73,1.87
877086.99,10.23,877097.22,877097.22,524.43,877621.66,877621.66,0.01,877621.66,534.67,534.51,1.87
877621.67,10.17,877631.84,877631.84,524.40,878156.24,878156.24,0.01,878156.24,534.58,534.68,1.87
878156.25,10.16,878166.40,878166.40,524.49,878690.90,878690.90,0.01,878690.91,534.66,534.58,1.87
878690.91,10.20,878701.11,878701.11,524.60,879225.71,879225.71,0.01,879225.72,534.81,534.66,1.87
879225.72,10.17,879235.90,879235.90,524.42,879760.32,879760.32,0.01,879760.33,534.60,534.81,1.87
879760.33,10.20,879770.54,879770.54,524.48,880295.02,880295.02,0.01,880295.02,534.69,534.61,1.87
880295.03,10.20,880305.23,880305.23,524.38,880829.61,880829.61,0.01,880829.62,534.59,534.69,1.87
880829.63,10.25,880839.88,880839.88,524.69,881364.57,881364.57,0.01,881364.58,534.95,534.60,1.87
881364.58,10.23,881374.81,881374.81,524.78,881899.59,881899.59,0.01,881899.60,535.02,534.96,1.87
881899.60,10.17,881909.78,881909.78,524.11,882433.89,882433.89,0.01,882433.90,534.29,535.02,1.87
882433.90,10.24,882444.15,882444.15,524.41,882968.56,882968.56,0.01,882968.57,534.66,534.30,1.87
882968.57,10.22,882978.79,882978.79,524.51,883503.30,883503.30,0.01,883503.30,534.73,534.67,1.87
883503.31,10.19,883513.50,883513.50,524.43,884037.93,884037.93,0.01,884037.93,534.63,534.74,1.87
884037.94,10.21,884048.15,884048.15,524.39,884572.54,884572.54,0.01,884572.55,534.61,534.63,1.87
884572.55,10.20,884582.76,884582.76,524.29,885107.04,885107.04,0.01,885107.05,534.50,534.61,1.87
885107.05,10.22,885117.28,885117.28,524.64,885641.92,885641.92,0.01,885641.93,534.87,534.50,1.87
885641.93,10.27,885652.20,885652.20,524.16,886176.36,886176.36,0.01,886176.36,534.43,534.88,1.87
886176.37,10.17,886186.54,886186.54,524.41,886710.95,886710.95,0.01,886710.96,534.59,534.44,1.87
886710.96,10.21,886721.17,886721.17,524.61,887245.78,887245.78,0.01,887245.79,534.82,534.60,1.87
887245.79,10.24,887256.03,887256.03,524.60,887780.63,887780.63,0.01,887780.63,534.84,534.83,1.87
887780.64,10.18,887790.82,887790.82,524.09,888314.91,888314.91,0.01,888314.92,534.28,534.84,1.87
888314.93,10.20,888325.12,888325.12,524.17,888849.29,888849.29,0.01,888849.30,534.37,534.29,1.87
888849.30,10.21,888859.51,888859.51,524.64,889384.14,889384.14,0.01,889384.15,534.85,534.38,1.87
889384.16,10.21,889394.37,889394.37,524.54,889918.91,889918.91,0.01,889918.92,534.76,534.85,1.87
889918.92,10.22,889929.15,889929.15,524.69,890453.84,890453.84,0.01,890453.84,534.92,534.77,1.87
890453.85,10.21,890464.06,890464.06,514.04,890978.10,890978.11,0.01,890978.11,524.26,534.93,1.87
890978.11,9.88,890987.99,890987.99,511.68,891499.67,891499.67,0.01,891499.68,521.56,524.26,1.91
891499.68,10.18,891509.87,891509.87,524.40,892034.27,892034.27,0.01,892034.28,534.59,521.57,1.92
892034.28,10.17,892044.45,892044.45,523.97,892568.42,892568.42,0.01,892568.43,534.15,534.60,1.87
892568.44,10.21,892578.64,892578.64,523.99,893102.63,893102.63,0.01,893102.64,534.21,534.15,1.87
893102.65,10.22,893112.87,893112.87,524.34,893637.21,893637.21,0.01,893637.22,534.57,534.21,1.87
893637.22,10.15,893647.37,893647.37,524.78,894172.15,894172.15,0.01,894172.16,534.94,534.58,1.87
894172.17,10.18,894182.35,894182.35,524.26,894706.61,894706.61,0.01,894706.62,534.46,534.94,1.87
894706.63,10.24,894716.87,894716.87,524.46,895241.33,895241.33,0.01,895241.34,534.71,534.46,1.87
895241.34,10.23,895251.58,895251.58,524.81,895776.39,895776.39,0.01,895776.40,535.05,534.72,1.87
895776.40,10.17,895786.57,895786.57,524.26,896310.83,896310.83,0.01,896310.84,534.44,535.06,1.87
896310.84,10.18,896321.03,896321.03,524.67,896845.70,896845.70,0.01,896845.71,534.86,534.44,1.87
896845.71,10.24,896855.95,896855.95,524.25,897380.20,897380.20,0.01,897380.21,534.50,534.87,1.87
897380.21,10.19,897390.40,897390.40,524.06,897914.46,897914.46,0.01,897914.47,534.26,534.50,1.87
897914.48,10.20,897924.68,897924.68,524.64,898449.32,898449.32,0.01,898449.33,534.85,534.27,1.87
898449.33,10.17,898459.50,898459.50,524.13,898983.63,898983.63,0.01,898983.64,534.31,534.85,1.87
898983.64,10.16,898993.81,898993.81,524.18,899517.98,899517.98,0.01,899517.99,534.35,534.31,1.87
899518.00,10.18,899528.17,899528.17,524.14,900052.32,900052.32,0.01,900052.32,534.33,534.35,1.87
900052.33,10.25,900062.58,900062.58,524.50,900587.09,900587.09,0.01,900587.09,534.77,534.33,1.87
900587.10,10.22,900597.32,900597.32,525.46,901122.78,901122.78,0.01,901122.78,535.68,534.77,1.87
901122.79,10.17,901132.96,901132.96,524.72,901657.67,901657.67,0.01,901657.68,534.89,535.69,1.87
901657.69,10.18,901667.87,901667.87,524.52,902192.38,902192.38,0.01,902192.39,534.70,534.90,1.87
902192.40,10.16,902202.56,902202.56,524.29,902726.85,902726.85,0.01,902726.86,534.46,534.71,1.87
902726.86,10.20,902737.07,902737.07,524.08,903261.15,903261.15,0.01,903261.16,534.29,534.47,1.87
903261.16,10.14,903271.30,903271.30,524.10,903795.40,903795.40,0.01,903795.41,534.25,534.30,1.87
903795.41,10.17,903805.58,903805.58,524.53,904330.11,904330.11,0.01,904330.11,534.70,534.25,1.87
904330.12,10.26,904340.38,904340.38,524.21,904864.59,904864.59,0.01,904864.60,534.48,534.71,1.87
904864.60,10.20,904874.80,904874.80,524.24,905399.04,905399.04,0.01,905399.05,534.44,534.48,1.87
905399.05,10.18,905409.23,905409.23,524.45,905933.68,905933.68,0.01,905933.69,534.64,534.45,1.87
905933.69,10.25,905943.94,905943.94,524.46,906468.41,906468.41,0.01,906468.41,534.72,534.64,1.87
906468.42,10.20,906478.62,906478.62,523.92,907002.54,907002.54,0.01,907002.55,534.13,534.73,1.87
907002.55,10.16,907012.71,907012.71,524.04,907536.75,907536.75,0.01,907536.76,534.21,534.13,1.87
907536.77,10.19,907546.96,907546.96,524.64,908071.59,908071.59,0.01,908071.60,534.83,534.21,1.87
908071.61,10.24,908081.84,908081.84,524.53,908606.37,908606.37,0.01,908606.38,534.77,534.84,1.87
908606.38,10.23,908616.61,908616.61,524.08,909140.69,909140.69,0.01,909140.70,534.31,534.78,1.87
909140.70,10.13,909150.84,909150.84,524.10,909674.94,909674.94,0.01,909674.95,534.25,534.32,1.87
909674.95,10.16,909685.12,909685.12,524.50,910209.62,910209.62,0.01,910209.63,534.67,534.25,1.87
910209.63,10.18,910219.82,910219.82,524.07,910743.89,910743.89,0.01,910743.90,534.26,534.68,1.87
910743.90,10.16,910754.06,910754.07,524.23,911278.30,911278.30,0.01,911278.30,534.40,534.27,1.87
911278.31,10.25,911288.56,911288.56,524.25,911812.81,911812.81,0.01,911812.82,534.51,534.41,1.87
911812.82,10.18,911823.00,911823.00,524.36,912347.36,912347.36,0.01,912347.37,534.55,534.51,1.87
912347.38,10.15,912357.52,912357.52,524.37,912881.90,912881.90,0.01,912881.90,534.53,534.55,1.87
912881.91,10.27,912892.18,912892.18,524.77,913416.94,913416.94,0.01,913416.95,535.04,534.53,1.87
913416.96,10.19,913427.14,913427.14,524.42,913951.56,913951.56,0.01,913951.57,534.61,535.05,1.87
913951.57,10.18,913961.75,913961.75,524.78,914486.53,914486.53,0.01,914486.53,534.96,534.62,1.87
914486.54,10.25,914496.79,914496.79,524.52,915021.31,915021.31,0.01,915021.32,534.78,534.97,1.87
915021.33,10.10,915031.43,915031.43,524.63,915556.06,915556.06,0.01,915556.07,534.74,534.79,1.87
915556.07,10.17,915566.24,915566.24,524.28,916090.52,916090.52,0.01,916090.53,534.46,534.75,1.87
916090.53,10.21,916100.74,916100.74,524.97,916625.72,916625.72,0.01,916625.72,535.19,534.46,1.87
916625.73,10.22,916635.95,916635.95,524.54,917160.49,917160.49,0.01,917160.50,534.77,535.20,1.87
917160.50,10.15,917170.65,917170.65,525.15,917695.80,917695.80,0.01,917695.81,535.31,534.77,1.87
917695.81,10.19,917706.01,917706.01,523.96,918229.97,918229.97,0.01,918229.98,534.16,535.31,1.87
918229.98,10.22,918240.20,918240.20,524.20,918764.41,918764.41,0.01,918764.41,534.43,534.17,1.87
918764.42,10.17,918774.59,918774.59,524.64,919299.23,919299.23,0.01,919299.24,534.82,534.43,1.87
919299.24,10.21,919309.45,919309.45,524.46,919833.91,919833.91,0.01,919833.92,534.68,534.82,1.87
919833.92,10.23,919844.15,919844.15,524.02,920368.17,920368.18,0.01,920368.18,534.26,534.68,1.87
920368.19,10.16,920378.35,920378.35,524.42,920902.77,920902.77,0.01,920902.78,534.59,534.27,1.87
920902.78,10.22,920913.01,920913.01,524.47,921437.48,921437.48,0.01,921437.48,534.70,534.60,1.87
921437.49,10.17,921447.66,921447.66,524.29,921971.95,921971.95,0.01,921971.96,534.47,534.70,1.87
921971.96,10.19,921982.15,921982.15,524.04,922506.20,922506.20,0.01,922506.20,534.24,534.47,1.87
922506.21,10.18,922516.39,922516.39,524.05,923040.44,923040.44,0.01,923040.44,534.24,534.24,1.87
923040.45,10.21,923050.65,923050.65,524.19,923574.85,923574.85,0.01,923574.85,534.41,534.24,1.87
923574.86,10.18,923585.04,923585.04,524.43,924109.47,924109.47,0.01,924109.48,534.62,534.41,1.87
924109.48,10.26,924119.74,924119.74,524.12,924643.86,924643.86,0.01,924643.86,534.38,534.62,1.87
924643.87,10.16,924654.03,924654.03,524.75,925178.77,925178.77,0.01,925178.78,534.91,534.39,1.87
925178.79,10.19,925188.98,925188.98,524.83,925713.81,925713.81,0.01,925713.81,535.03,534.92,1.87
925713.82,10.18,925724.00,925724.00,524.38,926248.38,926248.38,0.01,926248.39,534.57,535.03,1.87
926248.39,10.18,926258.57,926258.57,524.26,926782.82,926782.82,0.01,926782.83,534.44,534.57,1.87
926782.83,10.19,926793.02,926793.02,524.14,927317.16,927317.16,0.01,927317.17,534.34,534.44,1.87
927317.18,10.20,927327.37,927327.37,524.23,927851.60,927851.60,0.01,927851.61,534.43,534.34,1.87
927851.61,10.21,927861.82,927861.82,524.20,928386.02,928386.02,0.01,928386.02,534.41,534.44,1.87
928386.03,10.23,928396.26,928396.26,524.35,928920.61,928920.61,0.01,928920.61,534.59,534.41,1.87
928920.62,10.14,928930.76,928930.76,524.18,929454.95,929454.95,0.01,929454.95,534.33,534.59,1.87
929454.96,10.21,929465.17,929465.17,524.27,929989.44,929989.44,0.01,929989.45,534.49,534.34,1.87
929989.45,10.14,929999.59,929999.59,524.95,930524.55,930524.55,0.01,930524.55,535.10,534.49,1.87
930524.56,10.17,930534.72,930534.72,524.46,931059.19,931059.19,0.01,931059.19,534.64,535.11,1.87
931059.20,10.27,931069.46,931069.46,524.22,931593.69,931593.69,0.01,931593.69,534.49,534.64,1.87
931593.70,10.22,931603.92,931603.92,524.49,932128.40,932128.40,0.01,932128.41,534.71,534.50,1.87
932128.42,10.14,932138.56,932138.56,524.63,932663.19,932663.19,0.01,932663.20,534.78,534.72,1.87
932663.20,10.18,932673.39,932673.39,524.41,933197.80,933197.80,0.01,933197.81,534.60,534.79,1.87
933197.81,10.17,933207.98,933207.98,524.67,933732.65,933732.65,0.01,933732.66,534.85,534.61,1.87
933732.67,10.25,933742.92,933742.92,524.53,934267.45,934267.45,0.01,934267.45,534.79,534.86,1.87
934267.46,10.14,934277.60,934277.60,524.57,934802.17,934802.17,0.01,934802.18,534.72,534.79,1.87
934802.19,10.28,934812.46,934812.46,524.15,935336.61,935336.61,0.01,935336.62,534.43,534.73,1.87
935336.62,10.14,935346.76,935346.76,523.77,935870.54,935870.54,0.01,935870.54,533.92,534.44,1.87
935870.55,10.23,935880.78,935880.78,524.41,936405.19,936405.19,0.01,936405.20,534.65,533.93,1.87
936405.20,10.26,936415.46,936415.46,524.68,936940.14,936940.14,0.01,936940.15,534.94,534.65,1.87
936940.15,10.17,936950.32,936950.32,524.39,937474.71,937474.71,0.01,937474.71,534.56,534.95,1.87
937474.72,10.22,937484.93,937484.93,524.73,938009.66,938009.66,0.01,938009.67,534.95,534.57,1.87
938009.68,10.18,938019.86,938019.86,524.39,938544.25,938544.25,0.01,938544.26,534.58,534.96,1.87
938544.26,10.15,938554.41,938554.41,524.21,939078.62,939078.62,0.01,939078.63,534.37,534.59,1.87
939078.64,10.23,939088.87,939088.87,524.88,939613.75,939613.75,0.01,939613.76,535.12,534.37,1.87
939613.76,10.17,939623.93,939623.93,524.82,940148.76,940148.76,0.01,940148.76,535.00,535.13,1.87
940148.77,10.21,940158.97,940158.97,524.60,940683.57,940683.57,0.01,940683.58,534.81,535.01,1.87
940683.58,10.22,940693.81,940693.81,524.05,941217.86,941217.86,0.01,941217.86,534.28,534.82,1.87
941217.87,10.20,941228.07,941228.07,524.38,941752.45,941752.45,0.01,941752.45,534.58,534.29,1.87
941752.46,10.13,941762.59,941762.59,524.48,942287.06,942287.06,0.01,942287.07,534.61,534.59,1.87
942287.07,10.16,942297.23,942297.23,524.33,942821.57,942821.57,0.01,942821.57,534.50,534.61,1.87
942821.58,10.23,942831.81,942831.81,524.76,943356.57,943356.57,0.01,943356.58,535.00,534.51,1.87
943356.58,10.19,943366.77,943366.77,524.23,943891.00,943891.00,0.01,943891.01,534.43,535.00,1.87
943891.01,10.21,943901.22,943901.22,524.17,944425.39,944425.39,0.01,944425.40,534.39,534.43,1.87
944425.40,10.16,944435.56,944435.56,524.69,944960.25,944960.25,0.01,944960.25,534.85,534.39,1.87
944960.26,10.18,944970.44,944970.44,523.90,945494.34,945494.34,0.01,945494.35,534.09,534.86,1.87
945494.35,10.22,945504.57,945504.57,523.84,946028.41,946028.41,0.01,946028.42,534.07,534.09,1.87
946028.42,10.15,946038.57,946038.57,524.68,946563.25,946563.25,0.01,946563.26,534.83,534.07,1.87
946563.26,10.21,946573.47,946573.47,524.22,947097.69,947097.69,0.01,947097.70,534.43,534.84,1.87
947097.70,10.17,947107.88,947107.88,523.98,947631.86,947631.86,0.01,947631.86,534.16,534.44,1.87
947631.87,10.19,947642.06,947642.06,523.76,948165.83,948165.83,0.01,948165.83,533.96,534.17,1.87
948165.84,10.24,948176.08,948176.08,524.50,948700.59,948700.59,0.01,948700.59,534.75,533.97,1.87
948700.60,10.17,948710.77,948710.77,524.67,949235.44,949235.44,0.01,949235.45,534.85,534.76,1.87
949235.45,10.19,949245.64,949245.64,524.26,949769.89,949769.89,0.01,949769.90,534.45,534.85,1.87
949769.91,10.20,949780.11,949780.11,524.45,950304.55,950304.55,0.01,950304.56,534.65,534.45,1.87
950304.56,10.17,950314.73,950314.73,519.50,950834.23,950834.23,0.01,950834.23,529.67,534.66,1.87
950834.24,9.93,950844.17,950844.17,505.97,951350.14,951350.14,0.01,951350.15,515.91,529.67,1.89
951350.15,10.24,951360.39,951360.39,523.93,951884.32,951884.32,0.01,951884.33,534.18,515.91,1.94
951884.33,10.15,951894.48,951894.48,524.42,952418.91,952418.91,0.01,952418.91,534.58,534.18,1.87
952418.92,10.18,952429.09,952429.09,524.22,952953.32,952953.32,0.01,952953.32,534.40,534.59,1.87
952953.33,10.17,952963.50,952963.50,524.74,953488.24,953488.24,0.01,953488.24,534.91,534.41,1.87
953488.25,10.18,953498.43,953498.43,524.21,954022.64,954022.64,0.01,954022.64,534.39,534.92,1.87
954022.65,10.16,954032.81,954032.81,524.98,954557.78,954557.78,0.01,954557.79,535.14,534.40,1.87
954557.80,10.15,954567.95,954567.95,524.54,955092.49,955092.49,0.01,955092.50,534.70,535.15,1.87
955092.50,10.16,955102.66,955102.66,524.37,955627.03,955627.03,0.01,955627.03,534.53,534.71,1.87
955627.04,10.22,955637.26,955637.26,524.05,956161.31,956161.31,0.01,956161.31,534.28,534.54,1.87
956161.32,10.17,956171.49,956171.49,524.14,956695.63,956695.63,0.01,956695.64,534.32,534.28,1.87
956695.64,10.25,956705.89,956705.89,523.92,957229.81,957229.81,0.01,957229.81,534.17,534.32,1.87
957229.82,10.17,957239.99,957239.99,524.73,957764.71,957764.71,0.01,957764.72,534.90,534.18,1.87
957764.72,10.21,957774.93,957774.93,523.89,958298.83,958298.83,0.01,958298.83,534.11,534.91,1.87
958298.84,10.21,958309.05,958309.05,525.05,958834.10,958834.10,0.01,958834.11,535.27,534.11,1.87
958834.11,10.18,958844.29,958844.29,524.25,959368.54,959368.54,0.01,959368.55,534.44,535.28,1.87
959368.55,10.24,959378.79,959378.79,524.75,959903.54,959903.54,0.01,959903.55,534.99,534.44,1.87
959903.55,10.19,959913.74,959913.74,524.14,960437.88,960437.88,0.01,960437.89,534.34,535.00,1.87
960437.90,10.20,960448.10,960448.10,524.96,960973.06,960973.06,0.01,960973.06,535.17,534.34,1.87
960973.07,10.17,960983.24,960983.24,524.10,961507.34,961507.34,0.01,961507.35,534.28,535.17,1.87
961507.35,10.27,961517.62,961517.62,524.34,962041.96,962041.96,0.01,962041.97,534.62,534.28,1.87
962041.97,10.25,962052.22,962052.22,524.63,962576.85,962576.85,0.01,962576.86,534.88,534.62,1.87
962576.86,10.13,962586.99,962586.99,524.50,963111.49,963111.49,0.01,963111.49,534.63,534.89,1.87
963111.50,10.18,963121.67,963121.67,524.12,963645.80,963645.80,0.01,963645.81,534.31,534.64,1.87
963645.81,10.21,963656.02,963656.02,524.45,964180.47,964180.47,0.01,964180.47,534.66,534.31,1.87
964180.48,10.18,964190.66,964190.66,524.50,964715.16,964715.16,0.01,964715.17,534.69,534.67,1.87
964715.17,10.25,964725.42,964725.42,524.47,965249.89,965249.89,0.01,965249.90,534.73,534.69,1.87
965249.90,10.19,965260.10,965260.10,524.24,965784.33,965784.33,0.01,965784.34,534.44,534.73,1.87
965784.34,10.19,965794.54,965794.54,524.60,966319.14,966319.14,0.01,966319.14,534.80,534.44,1.87
966319.15,10.22,966329.37,966329.37,524.45,966853.82,966853.82,0.01,966853.83,534.68,534.80,1.87
966853.83,10.15,966863.98,966863.98,524.69,967388.67,967388.67,0.01,967388.68,534.85,534.68,1.87
967388.68,10.26,967398.94,967398.94,524.56,967923.51,967923.51,0.01,967923.51,534.83,534.85,1.87
967923.52,10.20,967933.72,967933.72,524.36,968458.07,968458.07,0.01,968458.08,534.56,534.84,1.87
968458.08,10.23,968468.32,968468.32,524.45,968992.76,968992.76,0.01,968992.77,534.69,534.57,1.87
968992.77,10.19,969002.96,969002.96,524.51,969527.47,969527.47,0.01,969527.48,534.70,534.69,1.87
969527.48,10.24,969537.72,969537.72,524.88,970062.60,970062.60,0.01,970062.61,535.13,534.71,1.87
970062.62,10.22,970072.83,970072.83,523.89,970596.72,970596.72,0.01,970596.73,534.11,535.13,1.87
970596.73,10.17,970606.91,970606.91,524.43,971131.34,971131.34,0.01,971131.34,534.61,534.12,1.87
971131.35,10.23,971141.58,971141.58,524.23,971665.80,971665.80,0.01,971665.81,534.46,534.62,1.87
971665.82,10.21,971676.02,971676.02,524.58,972200.61,972200.61,0.01,972200.61,534.80,534.47,1.87
972200.62,10.24,972210.86,972210.86,524.66,972735.52,972735.52,0.01,972735.52,534.90,534.80,1.87
972735.53,10.19,972745.72,972745.72,524.51,973270.23,973270.23,0.01,973270.24,534.71,534.91,1.87
973270.24,10.18,973280.43,973280.43,524.13,973804.55,973804.55,0.01,973804.56,534.32,534.71,1.87
973804.57,10.18,973814.74,973814.74,524.30,974339.04,974339.04,0.01,974339.05,534.49,534.32,1.87
974339.06,10.16,974349.21,974349.21,524.44,974873.66,974873.66,0.01,974873.66,534.61,534.49,1.87
974873.67,10.22,974883.89,974883.89,524.45,975408.34,975408.34,0.01,975408.35,534.68,534.61,1.87
975408.35,10.17,975418.53,975418.53,524.14,975942.67,975942.67,0.01,975942.68,534.32,534.69,1.87
975942.68,10.19,975952.87,975952.87,524.46,976477.32,976477.32,0.01,976477.33,534.65,534.33,1.87
976477.34,10.24,976487.58,976487.58,524.57,977012.15,977012.15,0.01,977012.16,534.82,534.65,1.87
977012.16,10.16,977022.32,977022.32,524.40,977546.72,977546.72,0.01,977546.73,534.57,534.83,1.87
977546.74,10.18,977556.92,977556.92,524.18,978081.10,978081.10,0.01,978081.10,534.37,534.57,1.87
978081.11,10.22,978091.33,978091.33,524.36,978615.69,978615.69,0.01,978615.70,534.59,534.37,1.87
978615.70,10.21,978625.92,978625.92,524.48,979150.39,979150.39,0.01,979150.40,534.70,534.59,1.87
979150.41,10.16,979160.57,979160.57,524.16,979684.73,979684.73,0.01,979684.74,534.33,534.70,1.87
979684.74,10.21,979694.95,979694.96,524.80,980219.76,980219.76,0.01,980219.76,535.02,534.34,1.87
980219.77,10.19,980229.96,980229.96,524.40,980754.37,980754.37,0.01,980754.37,534.60,535.03,1.87
980754.38,10.22,980764.60,980764.60,524.13,981288.72,981288.72,0.01,981288.73,534.35,534.61,1.87
981288.73,10.12,981298.86,981298.86,524.72,981823.58,981823.58,0.01,981823.59,534.85,534.36,1.87
981823.59,10.17,981833.76,981833.76,524.58,982358.34,982358.34,0.01,982358.34,534.75,534.86,1.87
982358.35,10.19,982368.54,982368.54,524.40,982892.94,982892.94,0.01,982892.94,534.59,534.76,1.87
982892.95,10.19,982903.14,982903.14,524.21,983427.35,983427.35,0.01,983427.36,534.41,534.60,1.87
983427.36,10.17,983437.53,983437.53,524.61,983962.14,983962.14,0.01,983962.14,534.78,534.42,1.87
983962.15,10.18,983972.33,983972.33,524.38,984496.71,984496.71,0.01,984496.71,534.56,534.79,1.87
984496.72,10.21,984506.93,984506.93,524.05,985030.99,985030.99,0.01,985030.99,534.27,534.57,1.87
